ach|32|454cefa02a64b13df5bcdbe3b780039873013308ca6ad7ff07533983c96b1669991c6f293d2fb83514bd224cadb903c4fbcf2704ebc8f5c65d7362ef17d381a3
ach|64|4b2939a09a64444198fad4ac0d424d4351e26dcc2c3f7ec66800b0068d69d2337d5785831f9e2c7d7e67b03c51af72086ea8c062dfc20e4894d0c4cb2ea64dd7
af|32|d8516f36af116f2678856f7cdb8148491a6f2b6c026c009c21810b0e901d1bce0c30159de13b7b7c00a51f65da2a1e68f87a11b7ab181b0c4f287c0bf60ad405
af|64|12da5bf5f64ec4837814dc7eab4dde167bfda177961baba099f57e9c923c4d9b8ae9488d38a6026d6eba60f899faec5a943db78eb9fa775d48f6fd263844e9d3
an|32|c93e032cd08b67cb88c882513b96417c21c77120229c1aa72f87c1ae977b1be3aa3d88455f9d0b764869508ef09d893c57567d86a44a99604d49d95d2b53fbf5
an|64|6a350bd9f22c1371af3df6498f2c3307e8c0ba3cb9fb2f9af6d5b2c570932a111c94da4b85c566bd015426ff47b06c01134ffc9b3eefebf0e92ec0186815ab81
ar|32|d9646a0a45f7168c99128e6e4951c0972804e869b3e73135a42e67b5ecddf335c9c012673f80dda11676df4f2a2107aeb103a1ea64fe031152ae34bd23b899ed
ar|64|8ed51abe5b272fb781636aaae69f0723d72b1bae9dd48fb9c2f2e57b1a5affd084eab36f51d3a18e25258ad28b2b98e6195fb12625e091c644fc4b32c6ae6bdc
ast|32|ed8db54cce307880e44f66f0c59074ff31427287dd110fe060075a9dce057fcfa6c10d2a7fc8e77a2a1e686d7b93da0a617efbe78f7dd5cc6eeb0dc37c0f09fd
ast|64|2987fef540547e64c76d75054e00bc5e75ecf9867bed1178287298c4c209340c6f9bf099d396f3a6c9ca7cf4629d77c510b0b36cb80fbbf877b8499aa67443be
az|32|8d633dd07d311dbad53d19acf0904eb515c3d4b89754cdfb5c316a0102e7e4409f922ff0deba79298c24cf2147502f2b9ea77f5faa5e2aa70359a35838d7a7e4
az|64|a448f04308bd169e77b334a947dc19ee8ea3c7783c2dde160bd70b13e2cff3554991da010a5dcf5bdae9c6c09c4b18a248388badc2bf3b332b77a4094864d9dc
be|32|ba352e75327d48b9848c6843aef5482922c931878f503f90865db89847c7416ec4c6233fdbd95d675d1a0c325c21db56c14168bcba0b0da303c34599c1f610c1
be|64|3a3b291c038d558a3828d9897f4ba526dfea518a9e86f9916755e79e5e5a7137e8987b69097ae5a165af547f9034be97612586df9a4d7d94392096fd8c505690
bg|32|bcf05be5e1b2c65642562458df9e9d2d58bc0c58a245d4251edb43606fc59a54cf1724191147fd3c1001fd48aeac1972cb10e2135dba8a5f9ccbb58105f15c69
bg|64|a98133f2fdfedd15020f9e7aa4de7e8c163c14a49eee1aecfbc5adc8e07ecbc298ff8aefafd10ded85841e4ef8bf1afc75955cc43e2866ddc04083dd5ed335c1
bn|32|118929b657016f24cae50d297f81ca68ea3d875cde7d59637dcedc452866d4096974016c6482a4a9e9d965edb2a99c0f6974e97a5bb9b5097388da4ec170b1b6
bn|64|6af08e3a6fe9345a7dd379085f0bd1a5db4fd72c0ed99ae84c65c3102ba90695f1fb8f943605726e6c3d01de06d426c786e0425adb36c01a71fa4eb33701c33c
bo|32|bea14918641a2c65dd28415e939659b1ada3c1b0619f8d54daa0e25cf6271edc2d09db143cb92ee677ddcf36f3fe57823741d9904129372a4539260480fe5066
bo|64|e0926cb23336fe6c0320d39b681d92d3c9b82fb5b1359843da261f1580435d73cefde1562f05f2cf41ff32fcc2ff446fdbbd1bdf9c92a996e265c6a0bcd39a39
br|32|1aa9fdb75e40ad7f674d2b49b79e705676ee00a3080f214dbc2436413cf68efd0f6dd7bf7ccffdf1e179fe7f3a59457d94f7f2c89aa45f87b0650cf9ab73a92f
br|64|30a3911d01fff01024cd749cbe8803a710a6718016e155507c969a84827308141b85acdb4d4d1ce4814634bb3d4d04980df331adb35da9ea00ff6a1f84eeacb0
brx|32|73d1d1d5cfaa98bda73781bfa9be039df8db964bf47914600767343f0a6be76c1cc7ba7d6a4d03cec44c899adbbc11637e8135c610234bcb1ef3eebfd41af2e9
brx|64|234c5513b4c73ca22bd13a720216517b8e28c29b7138c265261b0466092f50074e9c94e15d0911bdb10098ca39ef947ea66df0e0427d8b02db76f03a6a9b2d9d
bs|32|082726cc5a38c70cabe26529be713d877a2902158561a6fdb1aa9585afaca3858bae25e928679b5821826d54a6c6eddf8136b398d6b03006dbeed182abd9bbcb
bs|64|dcaddbbc6e7d9c4f63c090d2dfcfd3d18343a02aefa195a40024f556d5bea9cf3b9846b7603b4745ecdadd1aa3bdb9b5af7e71f306b616b8e249a1eb10f4cb1b
ca-valencia|32|a07e4f6887f4555ddf14365582c1a497ff4cea4c547d3662e6abf767006bd8b4248ddc08665d2d92b6878b7cec9792637d3546284bc8484d2f97b44f652838c8
ca-valencia|64|1c426b97799d5cdb16cb9f15574aa7fd9e9b158b13808378db84a3bc403453f74be8676b700fe877f33307adf3eb830c8cccab668c2767555cd84839efcd2af7
ca|32|cd330de491b2019fd8fc71f4b923aded7fbc80b8cc32e23bde461a1990612413c7f7e68a2c6b747c503ab2a037faf5ecaa0fb3fee854e135f8e17b1a78aeb4d1
ca|64|48eb68d8cd9b3a70b32ce56362abca579c65c26b9a92d283b9a7c1a7d71135c2ee9cf0b2c495a719e0ae51756756b04ccee09ef16952e4d0af2e948219afd0da
cak|32|025306a9575a0e7f20f299872d223b51af23e73c7016d87d5c34f44fc4347cb4669f57ac15a931b97d5f6a7394e678e0dca43efb041a3dd8d346c097f75943bb
cak|64|dbbbcb56569c1d9062553ac69e8bf12661ec4ebf303088a52479ba3f2842c080df13621cc73099117386767584d5c9aabefb7383814374181a4507d6fb65935e
ckb|32|3dccdd18e5aca7d50caf70eab56097a4f96b2619504d6453b7a28f99ad52ab92ff1407b38dbf063b2737b4becbfbfd71ad155adf9ec12c9a47ed494d7271725f
ckb|64|0111c4ebeb29a145d0b5e07a68566d7b2297021a51f0222c7f908a545b0aa3583d9eb729d9484ca0452265828faf91707ae493247d772bb86bc919c2e772fe48
cs|32|19e53ca446b99baaede0ec6dd428284830e58e42a75af9122f7a50c2c6d24275dfe552bd8555d92ccb69f19f32ea661e7c7e1bf7875d271900297ec00cc33ff2
cs|64|dd5f6f8833eee1bf9fa9d336a69ddc3f806056eae94948bfb9c6282ab6b26a0c468cb331b6c7f8121b062290bab51e5bad6043fc9f1ef270688fb50814c7bb63
cy|32|5f5ed5b612a2d92c60f4b3a956c3728c9f722677a47fc256a38689ce7ee4f4cca118d3c815f3533f68c1be406ac0481f3a95ffc9d1eba5f6249aaa4cd58c11fb
cy|64|b3fea2c28a949291c340ba595d269c9a09d2f5fd9839b80b987e31e09b7bf4adef8b0a950a7bf5cbe051fe6bd86ace851b42ee420e60ecb07aebeb0b8d78b78a
da|32|134a0daf669b30524ab594e3ad665500a777131a733313b8e5b92f4a5245dcabafa53464d6ba63d07147db334284627075b6f9aa2958b5464aea204b44fc1602
da|64|063a2a7759cb831b5115c2f0136d5a42ea3949f6dfd89868870b30e7faab12be15f402bdc8e7f89bf623b2896637d3a9a3f3ea1c1f3aca218d4cd488c4085390
de|32|ff757e258491f8bb7004d562cc1e630756d4bf002f33be8cc9add360e6d5edfb1fd45b28daa19132c5bfc01f6e981a0e6cb35423062caa0f31e806c269f3060b
de|64|2b0c9def620781e159ca90053ac7a8f1bf65ef49c77354d85ff9a811a191a9683fc9be5d07e3688837b688b9cc293ce4cc9db09a41f319edd1f0c432ae969b29
dsb|32|b2140f7535403f54883b8bb13c62a3c514a50587591c0ff544bcb5e2bd1f69daa68cc565e0e017b86faec718efc39dd9717d18b75518a85651c4b9ac6cec8905
dsb|64|876d44b5a3cfb32ae76290088f7548a0082e84de9f6964b133f9a65208905d1b9e3fc3f69d157ce1ad4d70615ff2f08c163e16e1075797816132e13789067e9b
el|32|a057796b35a7ebc2f084459578d3313d5c998883b1908e7c63569ff4b3b43d9b06d9f82884fda3cd31841ec0df9ba05ba2d6357e347b6cee47eda67f866ecbb3
el|64|54709fd40c3100b3717aa9442ddecf08db6bbcea406f5f596f212d731082314aa9542d7d793c20be240774bf092e9437a9ad2dee17363d8cb73e90dce4df9321
en-CA|32|694e118ecf5fa6ded7b6032514a0c033f1b56f3b45313da95140ddb8af3eddf53df500e5baeeefaffa1693a89939ec451cdbe81435bab2de6139e3e88666d37b
en-CA|64|90403c51c9f0b6cd14a99dc5d11b59ea4730e4b634484abbde1215ce3da27959cf64252971d5fb966832a3dba11642597c40c7b0540c9b4e1ffe708cd37b0dba
en-GB|32|54deceb89a8eeb31324e2a42b8885d618a82bd497c0c83005dfc9ef6a2c305c949b94f11eb0527ca941125e08383a679b81261c047c06103c1a3c38bf365eb9b
en-GB|64|1605b234c7e61cce9b9acc4e96f5037d86f3ba848e2a8b3a46b7ef2ad7e79886d3f7b1a53449fc5ee38aeba99afcd8bd821ba28503f1657c0a009f026ce1e84b
en-US|32|42834c90917e859593715e621fa9624664b53ba60351fb4c76c7cb38dffa3ec0492d73afa256a4a5213a8c25d90d27ea72aaf9ac03045ea17b1a430ab876ecfb
en-US|64|ec8da610f872800ca8f3096a24b6148f39af8a5e627d435beaa776931e8c9dfe495efe60488cef366ad13645c3a26e2c6a6143915fbcea8df27c50ea9b57cb68
eo|32|751dea9689efea5861427d71960fc1596a38dcd2e678a0d365160b1f9ea40bd4603337036b90b2418e733531e1e83673b3fd21f1d34040a35c42cf29d9a8a131
eo|64|5a5e77026abdc75640905082cf32aaab697bc4404a527f32c90529f6078a4429a4c242cbc21246db559745edd7ad487058f892376f3e7bafb054072eb4ce475f
es-AR|32|e75545bf83d797e0b15885ec9b49dc43021ebaca5e24a7187998ff12e5ca11d7dd61dfb4ab79f0a323e4684cba415e319b43acd706b962b7025812dd564ee09a
es-AR|64|c2985e8ef5155ed7b6a7090a997295ef6796dce914f49363f3ba960ad1622a1f01a291af8cde0a2cc731ac9eefe991ef02221efdc2c138ed8717663c339118c3
es-CL|32|8f04548453d58585751cbd7edc44fde3f018f7920a2c8baa2fcdda2641a1959a16219c8112c10b8cd45c854216686701643f7e17617244e6f3f83ff30c44cac2
es-CL|64|1b19ccbc41e6134181bef7ba1ab4e3a3654381bb42a9f37f9238c46e159f4f6f9296b5ee59e459eb6a4c29a414479e1c52caeb39bed50d837f0fd5adcb4018cf
es-ES|32|994a66fb52c5a7f04a4492a039cb8fcf981c361637d03f3cf58e0371fe738329cddc73ebd7f80f513c302fe268c13a23517091f52fbed629c4eb41909c3bfab1
es-ES|64|9c45b04b3917a68f6b1ba706e27082f891f9736381eca6c0fa24abbe6177b5a02844799407d91317e5b0b1b3fc04a73552cce6947194d19345cdefabd4d88f33
es-MX|32|9a381a694fb3063b7a5fac14eca71f9aca9d3a0c35794239281ee2a94e35b346ab58f610c88ef88f5febf700f2230a17ff4fd84b2a7deb5629ce349b4de10986
es-MX|64|3716e272499e5312652114b4e1bcf771dda8bf9bb0f956328d3ed8d3c951a0f73f085cdf9166f6e29de13166d68ddfce20a6e5dff2ef84f3f8e0e7afa676db44
et|32|d4ee10e42e107850116fbfbf4c5ff580fb619cb63595b6b77a8c9b3ca318f02a2b4edf012e67d42c990b32c30d5d380341d732f340c56ba75664697a0b474f88
et|64|c1ecd3231a7064fc466066b24add6d3d33bc92ad2c13faae7a9448d456486b85b8fa3ab42e58f2735842fa4a80ad07d62ffd4bf5895b8e266a45d259d294c8cd
eu|32|c9930488430f7bd47d9547f1d19709302720294e0ba06236324d1f8e0015de44da14c4d4161fb94b5fe768c60b43e571f282fd32a7a3309dd8ee925f606701e5
eu|64|8687abe6cf279ea51ba0f4ddc854d79e7032045069ae18e3125b88d1f8a88dc374c5ec727a949b1f811ae516ebde6cd1654c75dbb84eab77d7f93a08f2f20e3f
fa|32|f8e3ee5582eeaf455ff8acc86a96c425ba349d569115efe4c9cf878791462e8c198495d07684ddad5679b84e81bf827984e32b34548eb26a160669d5c30d3ceb
fa|64|702835881101c038886ea175afde91c7bd392939b52cc2ffeb1753e89c680e1e8dfe5b675432d5ba63062c60777900fdc9b3497354a053a83bf8a8a1b0763b8f
ff|32|5c3a5f77a80296ef1551fc1a3dc6460ae04437baae1eb527250a158f9d039d1563e97bfbaed9b42e3b5c1a1f71dbfef0859746f2ffb884003c7ab088f265f9b1
ff|64|24e7c0ad01990008fc44503e38beac0d535e0c2d6ff307069a1676bc26f45061427c4e35e0efa09e6250b000a2812a8482dffd1c5d00f00d96a00f5bf36470d0
fi|32|9892dc551f0c5f5e9c2daffb2af2ff555df3a1721d52f65d471067836c850edf6b11b0b65b14b50dd64fa0dbef92fe68b5a570f9cb17a71f73a0ac8b378efb14
fi|64|bfdf4ded736c5ecaedc95031bf3a2eae6541abed8e9075453a69a148cfca9ce3de6649ae892e609411c50373dfb3cc815041293bd9514890a11a2c6b4a4e210d
fr|32|d11cdd3ab1d004d1949eb0451e6b2e21ce604ef8f113bbba1a97bd447ddeb3413339d43f8ea36f555dba6d47728ba1bdad5bab9dfce414194fdeeada0a9793b0
fr|64|103df4cf883c56be50a6c9e466e7a22f89d75502ce71036785c318f2975792074ec6579782802bab3ea2ccf8d1c3b1cac214dfade4399aa5f96b931cc07ac633
fur|32|4621bdadf0e6e3e837fc1bb7c159c3c886c833c0fd744b99c35a427dfa91bd131bce002d915e6f4fa9abf071a24ea9b4c7ce1ee414868b9af8cd450cd2a0612d
fur|64|438a1674ef3f4a6917ce1f22c0255e7833640751567042f19d1a0c6e33d34186119914800ee9adbe890ff36c987dea4d9b530a4dfaa4a6415945b01737c77818
fy-NL|32|f8239aaa9dfd764bf3c45fc9283eacc30b90ca3abd66e90f224526be5c6f75bee0111df64935abeb0de450f9f42c25cb34b2fa0a29c83ec2594cefea70527c86
fy-NL|64|a79765377fc7a41efa80c8f59b6c02c952b839bca363b559a07d2664594dd2e78bd4ff2238f36b9db89d7945ebadb093f168e05f34bfb58f71ce52aeaa4d1f37
ga-IE|32|f2a04b49ae10bc2893c683a65d01adc3dc60ef7722e1a6135722a81b04d075e9146b4dd45c4941e041cf9a76192c8b793b8d022a1643ded5686c9cb12bbe1ffd
ga-IE|64|0c457108a13388cd321e08e05370dcd99089739a1ceb25a11fe8d205685cba98da15ee61dc82957e16706a6fb2639b7285f25573ade71921b4383d3b0f9ead58
gd|32|c04c79b23b5911fb1f8bb155276ddd7c3f918d4d5e87e89eb89b3be0660fc01ca537d4e591e6a8be90f66502dedf0dfd270f3979a2f2f645fc3f5f1d9217052f
gd|64|10b11c054f51c55dce8f1d3bc19ab22e521ce2645ab7caa438bc3c92f154203cc23f3678c24ec3f27206f185487351ccc59bb9bbc6a7a65350d8383fb1dc9499
gl|32|99a83b0e4e657105ababa2cd616dd9389265199b5087d9db8190dc0e7434925c7de926c266aed56ddab47bacb55a8fd3058437c8536e27d5507dd9bb8de6d61d
gl|64|6a9b626dbbcd83c1adc33b90c3d5abcdb0eefce936217c4856cd09fea75d93791ae1d1622b6012e7cc96182585623b7609fb65450c44c61543635f7a5fb78d74
gn|32|e87e50bd5daca5518dbce67ec4ceb40d853535719107b69db645de22f32a6d84a7c1ea349a7259bfa50f4dbe029690fda04736503d6ec5a495799cc7c578ead5
gn|64|aecae4cd7a446ea132df6c1775e2d2533182f394f5ae09f66e1f9335bbfe9efa7928a0c1d48723fc88da3c99af867cf98688155acbba98a953cedba8f67aaf16
gu-IN|32|405b790ed0791b636ad3c137bc6c5d3e9ebf7440893cde5f86ae716cacfa6a519f88b4f8edd83bdf3d9587a9e093c8b9782e76949cbeac7e6829521282f1fb13
gu-IN|64|76a811c4a05539e36fd07d996e8ea6e1347e11711e8f24462a72b3095b071b6279de86233856efb9e1bad4dc5f0ebe98f7d824cdf599b0c803a745befe0ebf38
he|32|ed6f15cb21bda6473e4166943004e5536fa21692404c75ecc0d5b6dee21b13f78b4502af329c0384035277a6b1af1a11ed6de456d15759387908f57df1094802
he|64|2a20f2225ebf1bc9576553633b6b4b30a25b26e0a2c0b545945dfed43968d5874a3e3b84fd0e329a8a18517c74a5e50f7003dd34ae8b8b064e99dcac0583ea65
hi-IN|32|633489bf64439b250b9f54b6f5eee01d9a285137b70f5feeb0af7b25b27c43ef61a1f51c135186799e5f49bf94276953b9b59c630f37bac19358fd90793f9f82
hi-IN|64|8797aefc573fe6513c04f550fdb21ade3b80f19976fba89522573826f74b88b7f8a85f3c5a0dd3c8948e45d5f0214720945d669d6e36d7029920a1a8b212add4
hr|32|757c5133faa1f12a0a85dc7eb923858b03b83bdd0d16dd853c6e5a7bb5a2dd74419707d98216be13b7116b84036c2177c36a7d68e87571b11f406008392c27aa
hr|64|b1391a5db7f3d3f2fbdcbba9e52084cb6967d2692ea0d894881160f46520cb13a49304535a624d5a1789e4850096593af8288a4453a53cd2a37d442b21d653ae
hsb|32|98fa21c251c19a2f2a9734b54ec6d1f7e10758f15958817fe075f26fb938bf032407b872b822c4da9a26da4aa5757908bdfefc711a14d8d18e9f700e9c1ddbf3
hsb|64|8e9fa88f00d80cbcf1d23b623a1c33ac90515de76f609b287aeefa6e2143949a3dd558598372c0471f425faa7c91d5039952b204880524fdedb4f51428bf25d2
hu|32|d62e51b520a2b13db548a6df505e19d201afd09c9ea1d4e4625b679c5c6b446b2e7214080be9b4cbb4f89497238a85916f23e33119cde93090348006a1c2d9dd
hu|64|d897064adb256590262913d8538e13977d711b5c317dd69ff93cde834c16993a78a0782dcdff7ed90c371866062c8626047b207fd9c23f8e76c33fe777370956
hy-AM|32|00e31b314c7c489e96325f064a452b84e43ad5ea823336e4f06ac1e1a0daf855103ce1f487b604551be70d04caec1557aae15b633a9f92658262da1bb4e3dfe3
hy-AM|64|d6a3e502f091002b8e3955f15166788ba79dae7e8027bc75381814d022a000d2ce0b05959af03e09f5a0f3f2a06d7689b2923335d5333c07d98bf783552dfd0e
hye|32|785f58ab7d080b325a18802896072046c041c1c07226cae5a4b1df3520fe9c6394a39d2ca34f97b6ca62c22397294e830bef351a89784c2570464b1ed475d59c
hye|64|3c0bf0e64dceab425a1fb858305c014bdbe7ab2b018513ca29ce156fa7e2c693cdc39e29cfdd36ded42bc6c16bfbe9168fa6eecc2e949357e345ee52aca21eb8
ia|32|cf8e4d1d94611e65c2150722e9ed426cedfbd5a0a30dfe94aea784518f0a9fb634bbf06fbbba97e2cef621d7f8e8f009460352d631c725f7c97331b5033b65fa
ia|64|38955ffff9f41890ae842b1fc23328bb95b442806dc87a11bc8dbadb6b02efe25237f2f44dc13ec6b7d5ad5ed6e5740cbbb6e706d9d7d7e918b0feebbd05355e
id|32|e3d9a3c514922b0d89d6893bffa9e65ea12b118c7224b427ae89883d87a362baa12805788370b5e6340b454ce7c12ea2ddd82517a8ed6c5b377031595d3879fc
id|64|273dd3bd129565f7e2335d7bdbb4e3d8353162947fd87964c89e26de4926278ad1c40d3d54af8a6c67dc7a171f7db72d9271c2b9607bf3acdb26fab740b77a5d
is|32|830564d457e29e316aca67e943c7077e4aa354816e25886974a799a901e9fce8839c9fbef2ef31436aa830796553d0d622a306389531c5541a3bb613c73c297b
is|64|ad9be8d3ad4f5f8b5e588f3767b9bf174e4122e99876af84c7ed3dc8bdf49e7cac4a68e4ca084a025b5f6174d51f585fbcc6cce3015b2e3488e805ffe2c16b3a
it|32|6aaedba66a57e7b9d0fcd8dddae09c6f0b0dd92f35bc4048883a3d0039c8efd725aba307f4452119bb971291b459c5a1e80041d372d72e01200986c5c8e3eb1c
it|64|37eee4ecd637f6f5a2e37c0b29fe2efebb0f686848141c2296173db1fa69878995fa88437378a3a65aeed9706df2ff5c29f8c831f2fc7392e34d0aaa4c000798
ja|32|cf134f434274dfca9db0cbd9cf73533ae0b358dd23e07bc74c61d862df3ccb0e5a2582e78639419a42291c765520bdbcad39612e6799cdf6d38bf10432f5e406
ja|64|94329dcecc17c3afbf3f70d7584cf14d7f4b914dfe2ae29a626d0455a67cd308bd182e5b1d5f7f7f5820da120ac94f49cddd8d537ad1439f15db86a76e3db822
ka|32|9f75039842b0ebdd29956bd35fa29f68a5388fed3de4233d9086758ca187596a9bf38e56f5b59c97aa5ae39edd682262ba51e8f278a1119afdf644e66729e3e4
ka|64|813c8a777c3a5ce8a4c8a3ea3583c0fd026f15c0fcb20d385a315b2e152561ec24f8209ce7fd04ad668c236df07fafff450fb683c115a7d5f17a82710a08c3ea
kab|32|57bfda5ad9232e3bf5b7fcea1a623fa4f89268bf3daef898fee2d0c23e054373c55f3430cb6bc05746a37e29d767887c0915e6f1087b711c6e75332417a3c28d
kab|64|8e4607db6d9a70f5063dc6792c9cfcdcae1188e8f91f72b041613fb050d941db041213579379d1aa0fced3319fbd4a5b703cb3f3c845fe001852a33253894df7
kk|32|cb24c47e04947e8429ca60315e897c502df50f79bf0ceeec2bf624391d2c6197406bfa9a89f73d4998248388516bf3beacff64c7c0f0a220cc5df8e45b773860
kk|64|aa51252e4d7051636ebb745f85aaf43d1f18ab849313b6cff114740c85651f7829b1e4275757f57434425ed92425a28f89c90b9c788347b14c36cbb26e296946
km|32|12ebe97202d9ef305ea4eacbb733cfe39886cf58cdc5a04658649671538782bb1a6620285469ad53ea795ccf962d455da52846a86c2a9939750e84a6d267f599
km|64|7354960a290d31ed24eb225ed9d1a3767df940b6ddf3dd4803958915da8680eceec5d9e700c593b40604916ee2fe628ada8ddab1c4986682ba8004c907ca32bf
kn|32|71edab99b89d5d35011edadc813d4463f44284105365a94202e28e2d7973207de25f373b14dd9cbb166ff6b2992fe13876fe32826059c754472260a9952238bb
kn|64|d6f968a4d2e6373cdd2210f8b29461119d0bf979d9619bda48211432b103c1921cd73dd2b98215aff2a6917bfe63b7bc68cf1b9f5cfe04652764d92fc8fbf9a9
ko|32|006572b9f48b8a55454d326c9aebe6aa6a779941fdfc4fa413596227965634fd712b70b3d684bb885dc195914d168620d6a1a77ebb419a705bec8cab9a784d27
ko|64|236e68205417ca2dfd2b50cecc73c46fe64346184b73a3082ec4192b5e65189ed5069e446d2e253e0b6913ae305cb2ffd7a08dd387a74bc87510d8ec7192057f
lij|32|972a9902e833ba798ff2e393456d242fb9ba75531a762955854958b7b71b0833bbbc9bc9ba3533958b22c9d4aadb8262df22c4fd6dba5b0557a5c25988986340
lij|64|01c2d05f98adecd390459395352b0a1bb73cd235e615ce43e9067bba9551a7e3ab51bf9cc75f88eff5c2a4e0838a2b94f2dd64547cced4909217cf6f62483e95
lo|32|06ed0e77072d1b403d36196ab5b582fa10abbd9322d488f83e3a54c6fe9a46b58d79c918cc4c9b96c343f3fe13fff922e490f8bff6ab80f40d4b177d12c5ba51
lo|64|dd5f72c673f6d2ea4e4cf4ba6c1ae5d4666347c903c018296280fd8396c9a21e39ca7534636b0bce44157d1ca4effbc3de3c450013506184bf46f19772a2eb61
lt|32|6c9e25bd277c007ab8ef429715c76910e21985f32e824cdec2fcd042bdafea281710aaee9d06517273170ee5ac439e88a033b59d747005d79cb4fd5de99c05ae
lt|64|280a3e7f4f6c0c9a0583e43f581cf20a5832ecac97f7217d8ed177af0b1414d287992c47fe29263338b283b40af8ec3d93f31b1dc9f015f93683f550fcf1bf94
ltg|32|cd03c715f02ccf0ec5a825e9745d0eee44f59c46cd539825a63a036413ee11834158bf0a015b6ffef52001b2790ecfd1b4f0234baadb1b48e1a3f621c38624e5
ltg|64|943b3b31f6bf65910597671ac57e8f12ab3401005f44609eb2587e287a5105e3659a112c3d5ba3dca12667852562163a49fd33379bd5374e482809060187ed74
lv|32|82e76cacf8096d47dae84d8f01553a000e5fe7be3a1ba972fb16963cd37775acbe168d9784ca1f217cb604092cc8496102c476c7fe0d10cf9323239534a14a31
lv|64|3318aa97f61d9e02deb9c169a6d85599428d6d09bd7b36deba58b8db379c3a24b6d7015038faae05af4b295d706d15c958fbe50ae9b683aea5a88631a0625b57
meh|32|7a04bae5035c6b219bf1b715fe298a6716f2abc0bf6b1bc634855dbc4f9aec16fce6c811030babc97e13a9564bd8c0239afa46b03c6fd5131ab42bfe358ff5a0
meh|64|82785e3b518f7e5c89285733b5be64e4db3ff945bb33839da25934023c83829843a54c6b1f8b2b60daef80e4bf15c101448c94c12d03cf74ed0adf4ff9ca0720
mk|32|53919bdbf70ed495b1a0b64c1517ea82718c19b1a02343f3d847ad34f615461a515f10949f2a2746dfb0f446fafbfe3427557467a28e05390cf7d92d8537aa12
mk|64|6a78f16958942334c964281b01a6b137c17ce1a7f3b92a21e94996defa87160caeee3519b42ec7a4f2c03172990a9d743a1cf26581c08a1ddbe27bc9848cbc54
ml|32|4aef2c35f35fa4fb2dc608b99b5c72affe1f252a00f18d9072087f17d907e47742b4ec6bf5afea9913eb2261ae215339a17182be254850ad811960f6a889a8cf
ml|64|70cbd7ac23d337801a5f20c35e4bb3c0f9f69c36619043c74f49153c2a4e58d71b238d3e05ceadd16545bed586f205f405aaaee6b524d5cfe5720763e0d76b32
mr|32|cf81271e2d6ce9cc3774f2fd004bd69bfc44037b55e7934a1fcbee0cdb2381796f979a708b16d2f44b93baab21d05f85062869695f7f6b92fefab36175ee8024
mr|64|926faf04ccbdd3783784b766f5a4efa5b02c1938c8f6c7ea59e63935850752b3a5f7653a30c9cbe36064006605fd0be9b2335422d8f7d0cced0f0d1a368e4653
ms|32|afce7ec1cd61339ee3958705e65049000c1e31c14668be3bbca29a9e7e53bd8bb7b12c4bc40434cebc524162fc0fd7763e4cf0041dcb91788c9b28f7597d662f
ms|64|2df2cee6b42cf1cdc8930502e6985b53c87fea21ea3a1ef77283cba67be9cda6207df8996bb84adbade27394fb23f19f58b0dbb0523061ddad8e8532e6936db8
my|32|3ed7fbe5e5d0fc2edeb86d0ebf5313b2a38559d0137d6fca13fb946d0553396f4478723c7e922632ed43dfc2ff0a47eac75b7ab681692aed2ccd4eb3ba8a2027
my|64|fb6a9d299e444fb6c08ae91d94d9b410b9fc5051656a33ca94b29570ccac38fed31547a039e724a5e08927483d9f0e6f0f194d05b8dad93e6eaca97d100e62c7
nb-NO|32|d8a3768d13e9f6f6eb1d2cb3aff7fa30744cdb6389d1c0000f7a24e0036093b81d7777a4535a5196eeb21398c762a0e1224e0242d7a3168041b396f0ff40431f
nb-NO|64|6879ed4315eb265cc3e7a3f1369d5d900b79e24abb97eb9f4ce0081be69dc5bc5c05492cae60f9697860fd4e3db1ceb365fdce513ebb3f25d05066337a3c93d9
ne-NP|32|03afbe8994177d5174317387ca6b3e6d61663eb8b943fc47f2bbee13bdf4ed692a191e5f5d88c9d9ac01b87ba5dffc4b5b96062f81282d690938a063766aaaf6
ne-NP|64|a1f897c2805928bee7ed94e5f97c65ea607f0930ca40f1804db4832ea61b7086f6ba709fec90f190a8ef5c360ac7a475136c00eae99e6a311dd1371e82b61c19
nl|32|ab4d49090b095e2ff7b65c0da5b642ed862e2fd8560fa3ba4d87266f0e8e7ab4ff2dc26443a007ee911039086abab9a90843635d601ce907ae363fbaf1109e12
nl|64|61f8ff529897ccdf2e46802376acc0e58dc66da2baaa519ad7f42268dfad3f7ba8712092a62b5496775e81b3e78dd6138539ed8493e9daef62e4192f126231e3
nn-NO|32|1fc5dd49df8c569788242eb8c57458e0eeefe280c0f8a03a83fe57e077986074912c90ee0b069d9640899c1c0a7a6a88322b6f45b59f17518ec674bdd44142f8
nn-NO|64|91fe611947b3e10f043655738dcf67059299a806ebd761c2d35b57ac295c7a81a4bfd1c06f3bfc57c268b1abc3e3bf106a50280c59f2a4fc24bc107c7823b555
oc|32|5d86bdfe20694187cb84f282b1b306489fa37e4670dbc15ddc251e9c23e99063e17d36d45cc983f35d94e8e80036e525f7effb9257fbae1d91e486c0ebde40e7
oc|64|a69d4cc6ec0ef5d0df96233f5e8d0cb161beb1277664fa93ebb7a9f9c50aa161e420e72c08cc4f452b3e50a9b927f7be2575ff99b13ad5baaea94a28e580f0ad
pa-IN|32|d1332600c1551908dfd27bb778e1f334b899ae88af9eb4e3812b142e3fdc89f1472b6560b270dfbb59eee58bc561185c120e7a45b6b27732f242cca77878bf54
pa-IN|64|fa45510dcbfbd9420a512ce9005175b7b700d04c1501e6424eaf3409722cb223bffeb669f028126a6676185b461c3827b3527f4985c769758e2dc3c19affa52b
pl|32|afae86f7433fb5c40bd4ab6e12e39cad3fa545ee66cd5a666eeb15654c992dc5f6d3b76c4ee0a5edf872a304bedee8702526fc231b3bfa8f87c99d4c9d9224cf
pl|64|19a7984489b7dd42db06347c52287be04dd6a91edc29c20b5c265bd50397da7726617b7f5a26274f2f01366ed974d1890c36f21def02cd0c8b920d15f6366c01
pt-BR|32|5daeab19ad183a6b0a82c58ed7386ce30d4fa1c7333ad9f25dfd19c382ce1ba0eb0f4e596a46064e974e68afb53a6a9771067a6c51d84e5f23bfbe7ce6ce38fb
pt-BR|64|de30c0e13c4ff052b58f5c7c452c78a4e6603da53329aa3b0a880fa693f069550397187571aa33552f6d5f94e272b4c87472509ccfb00acd9aed0693367c1b87
pt-PT|32|15e4a30f3b27da7368ef88c1d3f049b509336884af16df4c085886b1c936e15b7f4675bb4d4122ca668335f21dd73feac5b4d44320e19011b4f3e03933efb168
pt-PT|64|c6152b6558a060f49088529fb1813ca3b54c1a5df3fb15f994a21281a1aeadb83d026809cc8a9bf45455dc6fc3220446cd7f7f06a9c6305d34b6ef7e113616c4
rm|32|127042c5dc7b6acf3af8df994bf26b3f234eec66d4c7f4956f0148a86d5482cdf20c9753267c4ca499773f506fa610462eec006f3b9a87bb48710643272c113b
rm|64|1a76f79d54b57441f9c666ac199269c906ff5aa8ed1a0256a5df98da4ef33930aa89b7534501a59dfbf8550fafd527300603274a3d67443ac18360c74ce20f47
ro|32|8bf04e02eee4083d9282c6fc58f310d86f9a6bedfa70653072a316452149f1b616ea2ae87bec1f62cb5b765aec4e291141c7c9dbf2a58d0d2e35ed989ba76490
ro|64|f81749ab55f14fe719dc966ebc77caadbb663b26699752771d9226fd7fc0d5d2321bcfc8f927f1e09a033771195ab20ebd7141b819c79c70eaa878548087ada6
ru|32|9113ed58fc578d9c0e5422879093b4714fbdf7b9f0317480524b33847569e664e954d2d56fb5f1df06ffbe9b9d819dda8fe1f1b9ed4b60ccda87db0e1ccb7f7b
ru|64|ad944c6d5da41ff0f53fa5235ccdb97555707dcb44d5803b24c8faffe152b230da0d1a1f4475b9d4a5aba9ace862ec8ace5df2f4c125ca92354c1f6bc3136b7b
sat|32|ec80cd09d4ae79baa21d6c9bb160369c056b02449c1c2b77ccb5ca619002407f2338a0c136676e5f052f856273ad1053c9f26fb308758533c06de12385819375
sat|64|7cfea17a7b30ebebb9b093449c7d1e03bdce3f266358785ac152d0770c774f4e92a4e0f4fabf1386af77eafb3572ecda3affe00cd6f98f88c46ca45dd55d39b1
sc|32|256d7c422bae1d3306a7f0d572f1fc5581f199ed242292a694d993d5a2eb005ba62741f3ce95ae8be3eb78e3b15cc3604a5a278ae69fd0264aec155c01ad6a7e
sc|64|ad0ecdcf4396913f78f0a56412d3d1ec8dbe6af3627c1786c480c065237bf1259caf0c4b5e1bd3eb934515f3a5a2da3af889f71651abeb086d39db552fd26340
scn|32|dc6795d16649bc5c45c5e2140700d1f16d05ffbfa22f2f28bfdd039c9f349027e46b1062d9186c764e053e2a3c175ec4abc55a1b323758fc6b820434699ff40f
scn|64|a88029c9b4cc81b968dfee25a7cadd09b410b9b7d9bc2779e7146c0c4a2f538a5f5adeafa895f477b62dfa31f8dbe47c8c4f84b80b92cb97a805f662e2d5b962
sco|32|c9202dc9800328fc6e57abb0917fa04fb1b202c16fd295eafc8736402cf7393ad796137a53a5bbbecefd29039e2d22a96b7ade796569a16713439f74af30806f
sco|64|0b01bf2bb1e3d9fa30bef13c366ef25cceaeb820db5c5fa47edf8a81f6730a0d113e3c200270acd3b1e84ba45eae494252bc99fa6d6f6ca3da6fe5312dbe9ad8
si|32|e248e3661c5b312f9f4c79bc0f83d5c9eff2aaac089a45afe4bf1af3632189cb771fc0bf97d8b795129cfe88fa477fb01f2784e8f9fc6dd9db928e585e390800
si|64|cbd3a66e0efb2879c4e1d39eee7f4e767c188ef8cb47017b9af187b5451c5f8c2efab59e277c67c40924363e5e703b6c0024bf346d8dc8816630923144534034
sk|32|c0226bb50a0d4abec298a4267b7519092f0f0d4a96d992c22778d58b9591b39483b2545c6777d25276aeb86376bebaecf572a5ea09bbf273c2ebb30fec02e9b7
sk|64|98340deba81b8755544db6eb0c2e4b52af2e86c18a8108e92d94511ac8a30291aa7bc4a5338c65c088cae7665302923b2caa63f4c4e7000191322473f1b89381
skr|32|299875dec502904bb1f19505ec8347f2640837b42dbc6efd57ed43f70e564176a6e499ec912db60f427441f660f0bfc1db55c3cf7a09d9faf2c34dc93cb763af
skr|64|4565e579997787dcc69dc1d2a2c663748689dbe90ec05c0520e907bcbee12e4dcde14e175a135587c09a4039ad6260b4669769e3ad075528469670f68ad302d2
sl|32|d287b44858e2795e2d1fe6805ba83bc0c9cbc876e0a2a7a88f1aa81bb8710244c22f629e347527b25532e6b4c42c96c991ed755af1649bb68fbca81704ef4728
sl|64|7423934d9792d166ab03705a321c100ab1908968b1ec8c2b035052f0ab34a998209a6c4376f7fc08d45d3b798685f3cf2ab35bcc97e1f388a90040b93d7c4987
son|32|7691dedb5e08f688136462bb7225c44f651f4a8ec571e565841facd57b4165e94e8f245b1f873e5e4b02b67782456eaf225a283f39b1f4c8b34d724719007182
son|64|073942d058f764c47024bdfacc4b0ff91c337fa056275f0959fdfcdd5f7e088ad62ff719826fbf23234c7eb8a0f50dbd3d013c11acc99cbf9d4f1b98bcd2d48e
sq|32|aa44ff3fe14c95df96b741130cdf777a9104b20c5cadb84ba04fffd3ba32c58c595d8918c5c5a0fab91e18b863e2b21abdb37dd69c6ed3932e0cc975c244562d
sq|64|d049655ebf27b715a2a5b3bfe7b9c9215f436a0e1983524f1b6d2e325990fd8dd5d35c83edccce54821289c3cafe9bdfa9f5abd2cb8d3caf3bc24aa1fe85b6fa
sr|32|ab17000b2bf58e644e5a90fc983414b5684cce27d05e731e14505300aba33fa5dc38cc88bd71b3bcff67be6537e7055a8ddae0bef5fec0153e6251dc8bed87b5
sr|64|30e2fdd7e5bc778f8bc1f576e44aaeae80d098c80fdeb0d934cdab580fb99dda44258e7f214cd9098695058efe0e0c35f417f3bf719db300402a9bb9b59f3534
sv-SE|32|a9b55d2e660de883387195437262e6bca5295ba4c2d1986d6abe080022beb27eb9426ffd2ff28429f77858f6901d4e878c0d6e97c92a6d01e1b5a55363cca809
sv-SE|64|1a0ecb53f23b2160c58628a43e459524d5437f065bb7f8c057e55e4dc529021608a93e1d9f718626d42282e444af1ef530992fde93fd93d9429df34a47795612
szl|32|1af36882a6bb3ae1f70ae6948112cb64305bedb9b8ac96afff5d9ba895514109fa9f9e48e7bd044bf7ebb55492610a2e288d07dd323d7ba1140be7f4e0361100
szl|64|b1ebd814cc0201320d3aaae79c792cee67be0a39c26e0c3eef302a5d45e6ef7ff0402f2b4d6c3f4f18f3ee637a8de8b5040b99d4513317d211112b3338a73b62
ta|32|6d40174d3afeba8917f46523e5cfc77a67f2de59c170600801e68635e07f200fc75f8daae5485cbd1f5cbd92daab327cefdb50babfd70a898b26cd160338b1ff
ta|64|61c5f3347c6fb266316773637d244dfe155a66936082b594ba4c6b23c225b6664ae1117eb6706c73ec57e26bc426008517138ffe6410816596b287ad7a1e9728
te|32|8417bc3c865f465c3a5d89b1cfbf9bce73a32256d9826fcd5814dbc6a84a6014d1c1449a869a2985bc796f1ee3b893fd99680e9d5cde5bbbe518eab4ad4ca16d
te|64|404c57d31c5345f353b0a66a1335506532d8d3070104536ec6967a1276cf69359047ff6660345fa2579abdbdc9c4de0d739d7d638fcc563f6142f0abbdf3f821
tg|32|5063f67b27c3a5292c2d1a61eff5a326cb18001ca8d0504f0876113892c5fec3b918d1263fcd28338948666f05a7186af0c3f8573df42fdcc483d7e2cea53cd4
tg|64|4d2190ab4b7bdfb2cf1fb3eb26df9d32255d0c374d73fe1f3939b8ed9abc73a8e42fe77d6a6150e258b94c1292477b031298396cbb06d0fee46d0304c793d866
th|32|d6df198bc11086901026aeb6612d0f45f26c2b2809927702536f93b0ee18506c6f1dee0ce49e477f3e689ca54211965621e82654d641d36cb90189576431d814
th|64|5b9e7dce5c510b4f768cf30b09257a0ff89d3be3b1d9c6f007fb0f420ab1af607a33056ac3cdd5f65f69e54a3aa242e03e19f8fd0306f4100a7818cb7a0cc675
tl|32|6b542ef2ee43f973a3cd7d6d0171ebfa2439caf6890fd71bd2b7e326b2941441f0381a181985e9f333376276d4001f5e879493c88848814a9350b1611b61f16e
tl|64|f814b0bf58e6af19a9f501bb1a10db9242af188da65f1ad6a3a9407492d44ae27c7e9f72c24895be8bec8d0bbbc9db6012186f481b6985f2b669747844998a59
tr|32|04c16bd7a79c3671f538191252bb5f984c80361b95824cdc6a2a82f89186b46cd73ab96416c7b9f787cdcc8adfe39bc52a02421dcbd448abab456439e27bc631
tr|64|f80d633f8a8ffa0970a767f1f72ec1a305ce8fb864f233f2ff4b9cd1e01386bf3f6bcc878edef9ca3823e01061e70ae1478d3737d72ded4c1c56d1cbccb7ae53
trs|32|8e734e7f0dca6bd72d916ca9278f8d7f8f32239d2ca78573c445d346243ba2cd57c419dc99edd77dac77a14a13a864b02e82033e283e6d790b0b200439a98413
trs|64|fc4686d9de549ecef69ed2c2f72c84a73b7141f5e4daef9c6bab7c81fab9f8a1a9c8c2286f35969b74c097b0cffdfb8910cda9aba6643e6bba87844f72bb8fc9
uk|32|7749fb1ca14c4961577249e4f5330da849c2cf328d25b2498b8d7804e2aedee4e504e36046383000af3bd2d1becfad5ccfa8805cfd02673895d0c4e1e62eeffc
uk|64|9bdeed7f9ec45424aa75303467c7a713feb1d6a9e496dd14a861fd11422f518d8910265bf31e836d624116a472819337b2d64abaac19aa819d28d9da19138fe8
ur|32|679780d3821e8294823bdb551fe82696654af7c9c047e382e9b0844cc2a2ac4664915909ca39e01ea4dd072fdc837b72252912d5fa6b50d3ed801a623f05eb90
ur|64|57daa772dd5bd42bfcd0b7bf11d1a3daf1b1e4779096a553a39a2be0e4ac15c79fa287a6d88943e1a5bbcd93ad94e59eacbb534a6fc1fecac58dcb81800d3c6a
uz|32|b1667ae5b52ca69fc00af6302d8479831f8bb8d663c865e4526b6c13af6ebe2e8cf36d89387f94b573acb8bd6daa74143ca23cc06a50b08a9686a309c7dabf12
uz|64|4703d9f08935f51ed33edc6ede9c387db9e59a6259cb43cf9584c86a72184933506bb2150c32153491b61ec3d3406843bafa1a6934e41da760cb5dff7c2fe20d
vi|32|f8e050b057ac34df23af668241526a06d9c99304c910891135823cb52b310fb8ecc2ad3953fac0415aff65a9ae2fc5ef1d7042302ef36501d3c839074a9d4439
vi|64|95871403d797b1092b81088bcb83bac5c8c0809ab8256758d8c7dbbef729932cef24ad39a5579377d58ac25cd46fa8cf73ed0d2a6e991dc7de4f7c0dc6f20f17
wo|32|51cb2cfd70ae0af6656d49e79d104991533bdc1af4d3133259ffd60ec83e066858631abfcd579800053f3236c5a0caff3a60c14775170df647e526ef09891673
wo|64|d8a37b725fe45d597b7bc163fb70e3da336be9a04288c4476b2e28fedf2fffc48d0f9cc928380f1a1802f0f4a1c794835245f7797f502604672d719e744edd3a
xh|32|9e5cc196afabb259e214db247a11a4500a2b4e6c96969ac68808d296607eb38364031b5dd5e10818dc7b8c742b664ae9e03c57b8e8abe30010aef255a99b6682
xh|64|5869cd8c59d0769f0f375a4b6090d0e693f724e8bdd359b87ea2d871edbc9f475222572bb7ef2748214ccb052456856ecdd15868c924ebd7c3942cdc09eab0a4
zh-CN|32|b39c0511b055c989d021a3f7578c145f74b6a9f8ef46086f44719a9eb65a1ea0c12509440f0b0f836983674e69a57cc97a741bf151cc08c9ffd1dc98b7de3fa2
zh-CN|64|111dc9644c686f85a63c8d96bcffa7ca96d9da52ba2e98bc8ec4c45c7391ef23958a3216ff3150adc592deaba91a8756e1d4cf5c5fc6c6cebf5fc928207a0059
zh-TW|32|f5ea3def2540885114ce4e79706b58d734e3382874610e34bcdc06d174152bd9bf3b5727f8d0c006a5c7b1dd77dc3cca114499f1b1ca84d69a7005933b7e43c8
zh-TW|64|72d8abd976d7c9a1feddcc1d96ebc9ede538b05d7569bc40433b8b11f79a91be254389e04697c3be93d3730c465ddbd44066221fdb77d1ed7b0de95bb4c94f18

