ach|32|98d7f493934e3b822cd42201d551faaf7f09474ad3583597a3920101aa3a3630b67158e53cc743e6afbe030091e38bd0eb09d4b92a2fa78f3409c334892e186a
ach|64|e7d63602057c93b3cf318de5ae8b9b852a905aa1a9342af93233c6d56c2052d35c9d52f7bc1fdb60ca41f1da1f0463400e8b48d011513fa3926481524a6a725d
af|32|497da0e240bee3a8848fa1808b62ae0efc56be202f2e62bfa9412284f2a147641c40b1a73c9ee10778b5ee119362ee1b89134db3c67b4ca084b2a75554e6ea83
af|64|c5ff7b7718c7895b75b9687e1dc4b13cb4c5aa0e3dd5f4bdad011bbac87238df69d4d88b5b1ead8c38556d31224b893ffc5ab30759cdd5ef89378c1ac3e6fe68
an|32|d6188d2561d0f4b47970f3733f2bc48aa5662cb419ea986164049eecaf97add6d5b5f8ab3c9d8be60f337351f99c4ec0555658d36e42786db3faa22485fa4552
an|64|11072403b457de077d2a19dd628bd7d193266ecc8971e1b810fbba047d21068f059ff5339a4b664efb033d074d18504f472101459077e5970ca867453f9e981d
ar|32|42a720d74fe6e629b43bdb6752c6c869ffbedf45cd56e7512919b632ff8c5d753948a028dd3eb086ae667ca304f675f767641c7aca75648737a19c46873bdf8d
ar|64|516519acaf6be55dc8a3d00232b9a48953d0f829c81c2875644975d0a94ad8cd6b263cd07bb790367481dba8bef129bca8dec320257d379271a98d74c9fd3744
ast|32|7b3ab8aa0d1d02c7d5880063c126c57514785acf3c225104fc33d8f88f27544579db88dbbbd8eacc6bedbc1dc48b0ba5be3ebc51f762c68801903b80cc1843bf
ast|64|91a61d37f779e660650a3de641914c970b7fc62bab1c26f3a6672d034015834bebe5af562b4f8083e1a424ba0b9045bd04f5ab4d2ce87246c5cc1784ddf929c9
az|32|ecfad5697de355b29e1af764b40457ea223ee1c331628144741fab084cbe3c785dbebc47d3c4c749affa4fb90358cefdaeb61fd0a1a09a2434e66f687fed83e7
az|64|78d338783a75bb57a39fab6d7f5b4ed02a6ed313dbc77828fc083223fdfa473422c26c105979ccff7cc03fdd5b98916612c9418301f59ed0a85cf3df51c7ddc2
be|32|13a490ded3a71f794f39688d3229248cd302a2847cc44e950c3725fa39f9c8c03c175c62bde34891043f53f667b5d1a09b9ca11972956ad2b88fb7fda633c274
be|64|c02a7e0e1e58427208abc5381c35e8e5f06d52f1989544b1cd24da7e773f7564e6ac1c3267ce929aa1a99421f7229bae07c7b40af7b22c3a6cbcc37ca4149247
bg|32|d1962ef79c31971218f69222728ad73142c45cb60963bcffc6b8add9039af3cb496a95f350627b5307a70b552124c6a9e120073c7842f7c824f8b5383b425e62
bg|64|615a0ed6b2f0bd9e3546a2dd1f48c98726629b106b990bfbc881d427a26abe1d384dbf2cbfdeaeee5eb8b0d311a36558b5d85ca75da89c40d570c9c2c23801bb
bn|32|d2972d3ba0c47a23b470503ea1d8fc4b2a5361db7ba15dc35f8d6a2e6ebed32aa35e62c757032c8b585de180c27b1bb18fc66d7c17a246bd55801a0274450bea
bn|64|8ce42ba3ee3a0dffbf69f499b4c7f45cb37491329f1e0f0f71404a5ddce57624aea8e090136b2ff94538479489b0bd1ac9d42ba083fa304d003bf6642ac60921
bo|32|bfb32e8b107b4a2fd21e582f43a01d5ac047f2a3003ea3a60e72922b47cbd4757c49903b09f5ca7a3e824bd4cda13402c9e5d957d88e20e53b848d51c36bdef7
bo|64|d352bf4927ff24bc50e84272958b004a5f28cd9aa6a5c02f7888303ba833d48601b82f4ce08dc8be3927db0a4257db870e48908f5d44763368ff39d298354371
bqi|32|3b4e492042a0793c9f33bc7b75bf833e506116185a25257333ba8d3fb96ca9b69589e093755cfacae069aaefe0a14a55e599ce76c8d231fa6199ff5e115e4436
bqi|64|6d0de47d48d7c1321a0d554fc687f0e15da52cf0d8ef907936e72d8e079a286924ca10b2a550eb1888e7c062f7432c30a0c40e62c86e101767a4310a81953498
br|32|9cc95c075b775adcf36ff1cd9d2f40664690ced785cf02b8a329669efb1af0d7dd7dca1aa165c1892fef68150a1498c9a504b939a7f13ff07a7bcf9bf5044078
br|64|5db30e40d663681630b01654400afd71d30bacf6d909f68f9cf7295ada61b48247181d62c51f1bd18b1a9140df8a1ba2d83e8d6c2d2b77294db12d771a7bf394
brx|32|b8e72c8feb2bce5ce01d2eb4369e7f1defeb33e356429f8761b701ab840b090ef29e9deb67939d308ed01bde379ae31053be92eddacff62559fc3d9c1f078582
brx|64|f6ceaa3e5a378390f7ebec5204e872f53008a43772a3565f20c8c4c43318690a33765c8be11435a7e15d490bacac289f1735e128a64de886aae56a5013f35c9b
bs|32|46bc106b0a56029a2bbc84ffef9bc9b64f2983bec83e0ba8d1f0508235698fc028f75f4deb281efa8dad1c721807eac860389a5a6a5f4bc9c934de43ebf4cb3d
bs|64|1715121de7f301f963f21ffa1305774142e63231075868d6b8b7a4a44b5729f136596cd1546d4b6fb05b93347078b6bb6df3627694a7bd6c8794f14ebeb151e2
ca-valencia|32|51ecabc866eefb0c5ea906d8a54e9a995000735a781e14609a1fdaae39dee819056847e15ea5d2d4cd32e52b7be0814f13a896f9b3da41866ebd33fb8a4ea85c
ca-valencia|64|dc1cc3a64b9cde13a678ace151b5e9134340da8f61253ac3e3fd0c6da927c78fe69861c47e03d8f9edd2b0131bba4a303693d3e4481912933f04804d5dc63364
ca|32|90db0931b15096bf774eba522ac827d653322a75707b2f988d41a61873575f37ff9a7df591a23e8df7c0a60e0e3f94ebc03285b0f411996a2b53d07b2c3cd3d6
ca|64|7bf5c3ed530d621bdcc7b755baacc6ef0d13bdd894a4325e66cce54d19c7908d70e0282eaac71aabc7dc35da6934dabe5bf42c4ca11c2992132dbc280ebe9e7f
cak|32|3785e4417ae30d1635afdafe2d01e1f2a9a9515293dcdabd8aa7a0dbcb37e065ab60d5b257932060963a89652a935268ed8b3be4b23eda3f5d7946c5e7fdd990
cak|64|7b35d581f8971d0155c3960703523e49b8153ab6585c8722730cdfe59e32bffb550d361cce7ee9065d5d14ba8b2064294fc2ea8953c386cd77e7b5766b62df99
ckb|32|6c1676771e98d0fae335f849d923bd35255d4af2924676a64a06dcab266eae75c674975a64ab257efc7b5db74a601625c667e0ddf4c2251147848c4c55ff7e52
ckb|64|f418762bcffeeab4a284c7b2ae779933e00f01c66ce11ae94c199819962c123386089eb4dea0375d018391a2a0a246087b3f5d5aced3f2ea7a96b8f71a559582
cs|32|92164e4cf7c4a4a5bf2f12ae6b22f8516494d5314f19a1cf41a4cb9993478b52a7bb99464cd3d6bac1254bdb162e001a1e037bebbb63e33366a92a7bb19f45fd
cs|64|bebd1c58850816458346a4158d2ca4a49aebac4948891c7d597667b24411791c23cb65d08bc81ab1fe2cb923f290de33dfebbd1c9cddc0fdb523e156cd3e1932
cy|32|a528f889537068f9796e9e134fdd27aed6128b548812f15d68ab39259697b525ba8416981a71e6e7fde3c04fd8e573a894e8df044b282edc1b3aa04fe1879b4d
cy|64|a73053a4f8fb05060f88f04bae8abc442d31e93d54f127d9eab74fc1eb157fc49f4f9d238ae6efc0f953f72b5e55ff56478488058bf0b30b7d4c0a1ca164ea82
da|32|1f729d1ef3fa619cc010bf8d9b4d677bc586284ccc8ae19ccc84b8cef4181e4fa87818d70a633d37446a84e6050d620a5a8047c6e5ab3ac8a875167a81172597
da|64|5f2197dfef229680b71023ceed2e991c663e4cbaa51ede8971c607970dd2fbd86a1ffe58e74604c161828e8e66f94f12b54d20b8c2c7cb0dd35291c762ec35ba
de|32|a4579dfad31b91e53b79776b20f9f5b1586ea724b3566765196b1b4c3c4cfef83381f09797b54b23845c2ab1048aba0020f750def7851f6678af4a9d89ce444a
de|64|ba8fb8a3295aa7eca83ac2f05c6fe0212d4cd0e8dac9e4a38b45029fdd522c309f0972d9c6f5227e237a5de3b36902cd2108cfbb3c3625a5dff938789e614a84
dsb|32|5e6386b1a06e8370d3a4eb8ea0c8241b61c69ece9ab861379a750a55cabf7eb58680af16870d4d0c3dff2c6acf632cf4d691f2561d42f39f7f5d2cdd18ec8c49
dsb|64|4149eb9af757f60a87d3a4135627571eb7a909cadea3a7efa461fcb8b35bc9b8d6596ecd02dfc9577c68449d0298f1ee0e208ffa697d7f3bf5a8c65a855cdccf
el|32|8f4f1de1fd902840846d78c4a951cd4142f5fc8015aa63cfaba253fc8bc98ccaa283be397ae09b9baf795d475c4f92a27917577ef5d7558ace59d59352aef7d4
el|64|078bb10c5c37f72fbf3abe2ddc9e3bf93ab17be400b6abd0709d1ca964947fabb471420e7918dda543e302728314e36a9480edff38f55f9a487e7d9a280ba818
en-CA|32|bb6431e37c909f6efe8f48777262206624a9ac4250063c1add6e14c5f7fc2dc788894a473b4b493dccfc6e0bf53b825c6c20e13a917b128b370aa82b61d25f99
en-CA|64|e594efcc7ca9e120c91eba0ed044bf1b84179e9d59762338a0eeb4488bb192aa2520f1101e47a747bdc5b8c01e011592c316d71c0812c8c93030938d504ace42
en-GB|32|de4e96c82a41feb42c574d0491ecada66ad6f54da0bbd712ebdab72744b1b02004fa2f9dd2a6a82674fee20134a8c31c512edfc473a4478c2de3c8ceb53c15ad
en-GB|64|af8cbf7315314a582abded2f112d3df3db611d6e01bcca728b2b4805df6d6a4084b9491201824d8a924201b0959ab155ada4c914b8367891059b0a9dd05f06f7
en-US|32|98b15702b9788d255ed339c849f8dc493a46da763108382634ed264cef06d455b8dca0fda6a58f35fcc561d275b91acfe0a9fc489a928479fdefd1d36edf1a39
en-US|64|0f914cb2e3008fda449745c8c55ee587e8cc0660abe232ffe112a7f2e623c7284ee59d026ab12814d8190048cea3de89cd47612527eee3f16d0cc9df520fb2bd
eo|32|1f1fe47c9c7a89f834b96eda71c40511c8e350f807483a8695ca33a17d48d65a940e3102a8ffe04ac68bb83757709f31f5fa075428374d03a8bcbe6d0d26f78c
eo|64|0d5ddf17cb7e4d9024b10cbdf62b16d90f1c5682418485ea28642eec214445ee1e443d0f9a2819f9121c7bf0ee85258d5963735d0e783ee7ad27b869601bf91e
es-AR|32|fb6a15daffeef78eb7597b44c685673d17b127d955a6352687ad4870fa932171b43461282de3bf3b623113457c7f48bfc3c0e94f0ef9b72d13f1f4071e0e49c0
es-AR|64|6053f57bff75c51cedd0fb1a3b074208786ef6ca0f3899b771bf71beac3710ce6a89e0736c1a8370199186d79e73d4cb6dd6b7e4da0b6ea661a3dac08a40a40b
es-CL|32|af813295825acd7ee4cf11df9d6415e93d0080785d6a401cf6415e3a570375821a4d104343ed2c9ebbf3e2666a590421c14faa5ec83e46c355659dd6d76ca35b
es-CL|64|a954ba52e2e54a240ac61afd5ffa0dc36ac79d0f1dcb7b02ffda828d31922f5fe784abf738596c9f32f5f16f580784e6578e8e09e271677b547f1a688406c7ab
es-ES|32|105e2e0215a42dd1fc1cccb602dfcc7f71b74f00778ae6ae40da754a68431fde508efba90fea603b674d5872c0d6a6f1e20fcbf594e7f41c4e23673271c65c5a
es-ES|64|433d0b10c7c7c13e9204b6855124d45d927092c196181b0296d25953426c5198283f4275f3a94602e0ecce453acc374ab22efeec11df7bd57bded2e8e825be01
es-MX|32|d1958a8ed7ff18cfb73d2d8f4505a3f46b8f098bd7d3d3089354c8812371b856eaa1be45a09c85d216690ce5fabc001d4927cc9796a528f50dab9cbbf7d286c7
es-MX|64|a3022613816a454de9c716d0f467f5188ffb8c0cb81627775ebee858139a44cba45fc3e864eb21bc09c664ce8d1c2aa63673a8c3d1f15ceef3ce27b0d221230f
et|32|446f5021577f9474bd78c9527bc102de78fcda92430cec77c4e2d99159c5d3dcb36b96198feaf6082748b49d356c1fd540568287410b7756c64e6d50b696dd1d
et|64|864d337478b2829ca9d2adcde9d3a12f9dae4d69ec1ffe4c962d7f137437577b778f89087b4c78700fe03242aca83f8f08291c2098441d45277729db38298808
eu|32|28827bba6845393e88a252be8acc9c80fa4d03b095544e6a594edbaa5c4559e423b545165fbb38c3758e063161d67d5c8953c00f2d2a6a59e544c1e543efa75d
eu|64|5aa1b8120069212d72add26d653ddfb97910cba9415188c2fe0f6319bb6fe63ef877d3f8f407f965d7796c01dbdd6fe3f7cf6e63e7ce4e4376078bf72a0d41e3
fa|32|7be6c187c2ee0d831bb8452aebd6a8600f43abbc74a17c0fe9044f5ce238253447bbc744e339f0ddb88c9dc71c2c7888aec3e8985a09cf21072ae58551aabd97
fa|64|e09c154aaa9c7e0365d4a7e774e7b261e56a685916a70282d147684cba62f8e5bff18f2da1d58a6639770266f707caf83e304670a47af16c796bbef11d9f2ca7
ff|32|5a7385f8f5ff5c5c8803a132ba3f76936c5b565c08badf58a5171b4e722b89f58dbaa95f737260702b9657d1973a9796457063018e056024c832bb9b585cfdb8
ff|64|042a4fd6d53db2d12af146e8e81d454e672877e0b0e0b3d4b98abe106e718d4f9812ca35c761fda76796001e5b7d31d31b23c40c7ab8a2cb97a306d231d3bf12
fi|32|fa94ecd043d34bc9c6f83cbd8a9125ee2f5c142c5f860bb43bff2e346aac988b5c85da550b3e99c40558e781e91880e327cf549c183424e246bf286643e9d851
fi|64|1c6f6224e632c21830bea8e32c0552e74ff8cd0bc7619ad37da44004522bc29e5e6fae15918f5c45cd5183337c8693c3be6ff0b48ebe6ede3182f684ceb12891
fr|32|d65477d8bdad5c07378f4c1bde61aa06a27d6c6b5c03ff0b1f7b38fc6918f01baaff92b1ec18c985e5245e6cb0aca4d40060789b3914eed85d35bce683e6bb96
fr|64|f064f4ca16f180c36786419c9c33d16f8db66b03ee57d67faf589ea30c367db2b06c68eafa8cede3371e16486daece8187d1512be3f112a62cf3651ee3cdaea4
fur|32|a4b7da12f40cce5c557d6af0107e20a578b441d58ec67ebf6b7ef31302e93cc15e6e0e53b4de01d80a3fde25171d53b6da85c475ea845bbc6b818e7329892599
fur|64|382c13cd9f95e027ede05bba309ccd243b2db3d874758b224e69836792561f7576d39d8af634e79ba3b4adbf7032e7284afefa24f47f9378a31ac0b01f59c98b
fy-NL|32|364ae14111adff99eb04dd328e92dccd73144996e7f717569084b6a62b359a70ace9602e824b60b69872ecf224a6da5cad267d17a97f6c3e5b0f193a8823b562
fy-NL|64|7b71054c8ac22050a16206f222cfb19fe36042ef84b300cbda0d3d141f131ac07fbb9caaaea98182b6f4f9bc1a18fa287ab9bececab89d6eb86f44b489415972
ga-IE|32|b54542caf563be4eb7daea33f6676c9506f02e58db6e2f5569b5b516f149fc39688223b1fe1cf8b56a59e73e62c8d2ea9d141beb8cb1260028d50dabfdd5de4c
ga-IE|64|da7234169add17ef3462916dc4a234ddf029b8493997d360a5f7bc2dc3eb77988fc00f09f5861975087aaaca3409a1a69f5093c1e955e0089c4fd6b65816a89a
gd|32|b70468bdc91aab453ffbe395357a54225bec57b6bee3f8dcfaf75902f9e584261a068c1da60d563e71ed0dacfb572dd14233e55c4495a94077f8c86e6f638485
gd|64|eff349a0540c3b3389ea9e5165edf7c6a04d6f3f0d61cc7198ec1a0428c04353a6bdbc514c9fab6ea02fd775893b558348fcba450177ab6330bba34447a50c7d
gl|32|e61b5d0bd9a3791909e2d339ce04fb4f4ab43da566d2bf02f80857c800b17afd53175488d4e6b0e281cc2cf0873ec85f237dfad73d3284826127da497a61ecf1
gl|64|1a9d4d82ed77991bf4476d5f5a8000717d04391652892b50f9518fe36ba8805dc2c3fa95fce10fc02cb8d4f26519df104fd94861a3555bd5b29cd1e511ef6b2e
gn|32|20cf9cb0b64627c1194dd63ad6c4d361fa7f2348cb3790cd9c294bf31fcdc135f6fbdc92fff6cec2e8b3904d9388f6ffacf793b72b503f8f9b96f4abe1e6a734
gn|64|828cc29c78b4bb3cf8e7ce1961bb93e318d75de2a1e866a244db800b5fbb2779b0e1490e369c315d48361236653014140ce1a4f76523a88d43da49f003822672
gu-IN|32|23345e4f3347f946527d41edeffd5c70227372ba1acea8ef96f37f36368524f3c3a7b6c0ca45cfba337e9b6c7baf85ffdbd3fc142b0f8d55be563f3d3b62a2c7
gu-IN|64|2ff736d1936dcdf358db77fd36a459a2ae7de703d3ec6a54e43179adf735e516ff30f5ababaf3ab3626dcf58e5155aa08ba6886ab5a0380731797b3f166389fe
he|32|d710eb1586793237f08b815fcbe52dfba037a40e50da453794a2b5dc7ef9b2d4260ae7ad6469a6ee5c2a8d3cd2ea83068f246ae0e4cdc4d9b7c86020fb888978
he|64|d35f9d4558c619e9a100b9b7026091f6e78149153c60bdd1f637b06d53a1d0f1e50d6ad955ce228dbe65586f4b1d1c891cc0820a7775e36b6ad5dfe4b4682437
hi-IN|32|d30797e569c0f9936dd1675060c51375a443695d39f87a36404091df5669de2208d6ed3cbaf1974c59e1c4331005aa0451d32b33cf287c45806fc56d74313423
hi-IN|64|c5201861b9831cb5ac7e45e94a90b5524416bb94d2adfebb95e7d4bf153e5a8b8fc1a205080cd5c2b41dd4e5a5e31d78660d5c69a618232f6e12aaae43574cac
hr|32|dea5df6fa6aab6f6d1b31fe8b32f6ab57b457200e216a688d5cf90a6c952e77029541550ae30b204f4cf42905a62bc95b0c82a0eaaf3febaf2874981a01ef9df
hr|64|9d7b97d1c07a04a439b874a91435e1e87342b3c174ba8c0db69a488754688fbd0d6f4f8e2c622d2e891956a0dcf2bdc34b321b125c883e43b2d11648222b2ad9
hsb|32|11ed8f8a7d99e2d621b0e1277c5bb4160e5dab64e137399b6bc104f524d070775aa658ad40e2bc92682bcad0629b87a642a14155a66d8d95bbfa9d639b99c36a
hsb|64|9e1a9af047baf8a813882528487cd26e175c3822682056dfc4616a869b92c03df9ccdb3b0f5c906f96dabeb390f5be01af793db0e1868da4cafc00c252a05e04
hu|32|68bcf9d34d496ad3a0b8f3702ac6577d2dcca826b22e1daae0b05051614829330faff05452e362d75ffa59b66c9f431bc7527593fc96a18c1b5ef656a50fb9e3
hu|64|cc0a20bd400b611ceda800db69864eac0609118dce6c780f4e27c7e909f7113aa3ea6d31ecf61ae609572689df5b5f5e8e4ea4aaccd5e90a250cc24fa3a19581
hy-AM|32|c6290dd887c7d1a73eb3aa82504079fad0fd063e1146f279dfed764222f0dd031eb44d66102877e16529301b76276e74b9a9581b98c56564d710b8eff5700e9c
hy-AM|64|00b0bccad4776dc0f8908aa0891289e4ff942f16a1b4e0842702182fd1604a96f0124bdb2fe31995b3b96e0c2c81e5673119d13e27ccebd111230eda9a9bdca9
hye|32|2ada8a5d3eaa178d70efb9c2b63afc5b044ced2678cfaec795c6e8ca7d1cb817f674fd2f5382b15be740c5b5ad60e153474144f1df0677648e925a3911d1fb96
hye|64|50f8865c6e741ccfb7d68f6945f86dd29c8963f67b935477032c5daf499101e9280db260e1284d27d7bf2dc412148d67e0b087fc6335314fab592ffd5af61bfd
ia|32|cf25c2fda58455272bb62dd24cb6249a37cbb347d587583236b0f0ccfa638eb7fcd8537215e8c58785a444c4f0bef9cad77cf36e18233aa48905420c866ce8ac
ia|64|862d940af9f9fb4da3359ea38b32e9a3686bb797b55c2c09f2c67b543b0d52264b1d0f82fae725e8dfc1ba8e75cdda72a98a96411ff198737312a32e304bf050
id|32|0840bd1f779bf2406ef6f9d901580e9270dadb5c62e8464e17b78dd9057a0219dec63528fff9e77f450f4b5adc5fcc46acae929f5aff0a3d856540062df3e1b0
id|64|8cf7de1a304f38ec2918adf4aafb75ae771578911bcc760a48a6efdbed787f09ce81a607acb4a0f726c8dc3a479efd95d325e879308580859ca08110ff838d68
is|32|5df0e8517db56d9b559666fad010f4930bdc93eb1d2ff8529c0a85fdf3c242cb33cfc3735b4074e981d9247f0355129fd9e89790c672e668fe09fa9c45e0c2bd
is|64|bbef6b5125e1c54d1dca80eb32dad289892ea3c4350e4c56cc88ad2962d729b8238ca7faf42ae627c0a654bd97cc6b91a8042713f7347c8607d054aef51a8293
it|32|846f7100690cac9daeccef6b35d2c92f53878e0e31e2c1cda8fb01c5699bc778fafa4598a150bb4e4b991e98afa936336e65226eece765d74897f84a1f07412d
it|64|897a334532660537e3d8794ec3d7798da81ba3a5a0be7c90b5f954165a50b48ed8e1c04ff5cce2b9d241acfa55cf24a48ee7329d837f8e69dc088fe806bc92f6
ja|32|7c384cbd2f6914b5e46ff828dfc5f237920a0d98852825356c2378379e5fe6e16c35470b98f2ac038a3d28596a201a12ff183fe5f6bdd003cc7cb4b0802e72f5
ja|64|7979c5e505350301845a3b4ddad184279a508d37c050eb7ad6625d103287b903f23b07c96f6684710234513fc28a1d9ab1b3c0a37a6f4dadbd2134dd8f9d1a49
ka|32|ae2e811db47a6a3ab8771323f14a216715e124a7af05f31720e120df8887b990ecc4cf18793a14b8f49e28926ace23e5382cf2272dc9d314c79938769db33f7a
ka|64|70acd5d3ff0f39dd0d3459f4045298df78340d36d632b67575e4e58f3e50feb397d72e3d43dc342be6eebf4c1f4dd79083dc4e137d6adc3a253e1238db7fa4ac
kab|32|83c17e7bd570b6593a9da8673f7dc0bebcef4fa1cf6f8b56e13bb7d7f9cc4095bed5f3949ca802741d6bb5da176cb9cb56fd1bb64770867e786fc1b704dbe0d2
kab|64|5405013eecf4f7094ff04677d7a7545c6740d34446e0c812c66e216aab39aae6dd8d1686a59aa39f2c2f3e4f44110c7f601b576cac75424f0ba599f6294070e5
kk|32|217d1679b9212a81d998120c74d6588ec78ebe3d1458badeb607145ef30a9b2d881e2bb797c5c308d79cad7503d6663c7a9d3d28a0344613abe7a75474e69360
kk|64|c69e2f1e63c97d0a3a8c3c5f75677071ef5a61ff278a508defcfee2505ce47b56ca98a35615b5c224dced862ba4c13d968cb4764512a41bcb950720f9d04a78c
km|32|3c32afb04c9804e74ea7267413edb46b1c068046d887ab2d90f777b953c79b3fb5a4d3f282a034c0ba861f1b3af1321a264c88e84b699a0833a22e3f46dd9c9a
km|64|eb1c24d150087fa0185812e9b4dab6e247fbf919b419cf3e0b2e47d46071b16131d0aa47ef13810e90cd1e86e8ada0d744e00a449f428266053988693e08ed42
kn|32|97d30127653c41980210c801c6ced2d5da68acacc026bc94ec3ea75d1d75d363722e86c82c42d2c14262fc4dca661178e2cc85ee8f36da9e4ad71b045c5da219
kn|64|80dcf9d6792008c54757ec1c02e0aa08ee05a2ab5331876cd6fb4b0d2efadfa29b6ca19ce66d25fe508d7ae3a2f70da31f41a5b4b53dca95a7e3773a582758fe
ko|32|cafc1eb403f8f9dde7152b45a8c91ed9addcac0295fe7c62c687f27c3cfd67404f89db0702584ad4e7e7a5750b9e1f4a7db48a80013884ae674bdae499f67206
ko|64|4fd373b82f656990e35d3a4aa8d48676cd91a98371ce08a1d0f83d87b5d987d3794a81c0b87416f261ebb30147ccdd3869ea2c94d9f0236266c5d2a26c51cc3b
lij|32|a066d6c564d0fee2ac475fd0129c0800ee01459bd001830df71b02fe559c2ef54eb93fca67eb322aa2b17b728f6923f6dd75a853e192964ff7660a8482c00c6c
lij|64|bcd28390bec9c7635dcc5572c1f216f8f3804336aa6fca0cb6a26b08ef48aaab7200c30f129ad938cfdb9c84927c30254b2c05b626aa90829da99d128dfb3d2d
lo|32|5167ca8c1aca6d2332429629486986dd0f7b2a4b77f831ec80a6d9b2d19c1cbe2b9f4bac47c5a8f45ed6bef7c9cf229abd30497b472045ab9761e36ccb95fcda
lo|64|deb00c6c5f7ed37f98ef2fc7437ccce4f921bbd4e0d8b33c80d0fd0e74aba5663f7f8971b09ce55f7f8397d09396c3d5412daa749f8081facad97b8c693aa239
lt|32|2091a11377b9c1ae937da4a3212a882ca9c253d4e78d82281ef28641cd0e1d5d9b263154beb842ad99551c4fbed79a848c8aa7d289562777ae3304a83799242f
lt|64|47e7edfde50326bb619ccfea4217f3ee9164eb83445a912fa11646cdbf927701c1af4a388adb9b95f23d3225449f7f96e8720dad53380c2094308b0ac9c7b9be
ltg|32|2eaa1ae7a5301b97c00ad30c06a4d3d9156b0e25bdf019fac8fda65d78424df6117a6424ef737147c430253fd5d100515c7a241a86bf021ebe11c8658acc6791
ltg|64|25eaca1245d5e9d206b05f327826f4af81c70907821369e4062bbbfdf5ae49ea593781dfe20246156adbd89706aac535ddd6e50b91419a05a38fb70bd77edd6e
lv|32|b910810c6ef711c848a90f3e5df323a25be0caada6e89cfc36d82b05b83ddee85ed44848ec182189ef059a9119de1b7537e26ece48036bce084c5091e7977cb9
lv|64|6f066e7c8acac405f8aa4a3edea1d3770913060dee39bbc853a17cd6e9515eac003ea32ea9d9ef6e6b87b2c15997cecf9a4a660ea7014a2cc532af21d98d6213
meh|32|3457e6ad59034f25a7ae1760bba36e72f497f7e149dc4e87663b272a963ef53d9b61a72c9ea9f50d96d9d5a57c9f25a5bea85093b57ca4c53192e53dc776179f
meh|64|07663a5504e304db9cae6932a5c75073abc116503ec5eafba56e7a3fbb0aa12508c44b8b85e4a1020f266a7723e61c45fc9d46b5d83dcb1247f34e21db2e0475
mk|32|e3fa80a7f296d06c465afb64a9168087fda4b2275df1fb0fc76352315e9964eea2fc836d95f712f4686794914b27b3ef84432b69f9ef3f8641d3ce68ac102d8d
mk|64|ffb0a443bc2fedc2a0a5978dc48ec5bfd8a56fb63460fef3d46a1d3d81368a8a89212f7d20448160288646cbb603d3b80823a473b8fa366a9141fa07e43938d3
ml|32|a831c4446f02cc400800416d3fc2a45abef4524f0d490918c7e0ec0828830baf039fce546797ca0980fcc7d41c3bf7fb1d8c89100ec36a7fec8cb98702f279f0
ml|64|1a5524229813d7d1b0d1147c3ae264140d762b1ba0f200d955bc8c6637ac10ade51826af6d9be4d94fa5daffd7f7ecb10fc2e5f1e12caff540fe5ada9a523cd2
mr|32|d352734c538b2aaea8f5a858f1764018592b926d5bab125a1b5fe563709b693e5f3178748f2c2ac6f6ac77e388f2ba4fa08fcb720258ec0db1698c99bfab13fd
mr|64|e6e0046d976e3b13c32a2a09b058627bc8e0063bd631f1234e13b6fa4df5e420e1aa6af580dc3535661f95612fd467e3ab3cbc61e8d989ebbda50bb6177a3c46
ms|32|fd95e27c5ae238fa89e43031642a3815a74b1bcb0faa2ce4de23baceadfa51d3ef60f1674f703fe4145655815a4eb75c753cdf8dbc3a6edd3af4b56d0be50720
ms|64|79f1d786c00ed5cadd0a49992e4ae07558f56f92e4d8d767ccce835742c91ab78a9d44fbeeaeebfb075243f83e4d0183959c65a7536e6a430f249b467d4fe081
my|32|cb7c97a03df8fed748157e39f0ecd8b93dbcdf82efec767a826ac0254a158188784ee30dec9118eb36504d9956ef8b3a72a8ceda5628dcc9c0c7f7c4dc826d9d
my|64|f18786f7e3125e0b50539cca6b24af86addc53080577847b0395f460fe7060411d234b1105ba1df41e99ca5dba7f1975235cc1ceaba0f9b6e82ab444adb9e120
nb-NO|32|bb528feb1fbc3563bf1b87627259a66eebe8c3e0434220328eea15573de50014c87a1087b1b0763a10a9c59abacbf9330511b7a1f8e6dea81b6bb7fcbc59322e
nb-NO|64|67ab16fb4f3e754aef875315c16a1eae46db82713542c87e40b69191a705ab3ed1d6b44498107b53c923875a26bc3700dcae4d0409bfb005228358a30413643a
ne-NP|32|46846b3330dc5ee000e3482a5283d0a9153bc53458a1056687adbf30a26e351df6e1da1b6eae7f554347c1179e052ceda829eb7c9468ba65cd67b93d8c542930
ne-NP|64|8270bbd081df8de86e4e6957c822189c7cb0ef77a6b9952dead362e201387a8336e85141fe2cccad4a0612367ff8d02a5b4cc005c299443d3e532d6ef0b6e33e
nl|32|5f3260adf5fe2a1b15de45aba33cac47844042ef3d52957feef92423fe5f8fee883aaf3423f08a4801972c3d8084d59c22368c4bcb93c5785148361e7efcb26a
nl|64|50925fb00b5b5803e2c4a952e420cc3be4b0562cda49870d89b25d6177b9cda58a0f202bbf8ca0b48c8384dd2326e24a9de2512984d49b2f7aea4c332c8b5042
nn-NO|32|f488c11f3b23bfd1fc1a1a5428978218c041ae1ea5eb65b69162749da09057e8311946de23d09a759fcebcc07b88ef5002486f722ec37f500e2283008a1f3c8a
nn-NO|64|8d2f21e334463bbcd26cf1f7aea1805879f5d8ce94da1e2aff2054e15346e69196efa8c585fe6788f8357c51a58803925abda0efbbb511de15e22b0ba9f11ff0
oc|32|ceb280a13446a5f20852e1495e26a2711e9e98f5c5e42e3a6f217982009033d110693ab6ddf4f58246c8f17abe3eae1d08d381b14679e2d5a69b8900f87e01ee
oc|64|3d82e43cb5dd6cd12df0467700018c59ebb39e4ed2103c90940c212a2cf30de9a4354dce841bbbc58f1d531e3d7ed8c0e903c4504db314983e40616cbd435c3f
pa-IN|32|ee004e133993ce06f9d36dd2d32d6c79d18943a681e09789aafd405d1e3ea122fb1fcf95773227006714cff30f2222bcc0602b6aa1239cd73abf1a6f498417cb
pa-IN|64|9c79b5dd5a27c35e5f954ea23d82357fcc0bcf365fe7ce73b304a164cf0df9ab0f6a79c54ac0af0f83165d950838beccd01790e2285c59e6016943dbbfaa424b
pl|32|c615384fe55f38e8fff8c152ebde1e66990b02078928159b3466231104ff95ec60b7de5349354539e7d84a4ca70b926a638fbb023da4f1d63e53bdc21eb08bcf
pl|64|5d7d8d6f3939bb3e6181bf01497b144afdd011208bcc203ad07dcd616be37d9774166599d774ec574f27713e1086ad0ed88d3d9f979c19ef4f1d40f2c3fe04a8
pt-BR|32|0e9d46317c54307c5e1ddc107eee3e04c60371208ad08cbddce1c408573e764bf64f6b77be2a2bfeb004baa9160b7829438764e7d0f7398b14d30da4e4159e85
pt-BR|64|973a2f1de3637c2ad6afe505cd0962b69bb555060be2dc34e677304b37fa5ce5b1a32261642308c8ea62ab57c3e323a7d9685f348a09df5132e5e1f04e78ab68
pt-PT|32|7a43469c1821baffdf9793f89956a72ef73ad1f9bbd04c3839b1b886e183770b61cc88c21e75363189bc18632d9673bd0ca4b368c314d2374280bf03e3344a97
pt-PT|64|9884181748603382f0ee8f40bdba4436b709fa5d80ba344df547cb9dfd63dd0342f387396778d9fe90968f8672ed6da07ca3408053c1a94ac646b72d2338df1c
rm|32|c0c4de44a367b648343bbe61b0ee7079b7e0da2e09b75f2b4588053e4432cd8341b3b80b76b74e40dc2ec8f0d825fda4d5969cad8b4e4cb314fe124a7f233212
rm|64|56f4119729e3513ee945d06746aa06408663ac1d659af88e8c39b78ed6761b7b7da01a3d08e9f48f578b78815ac532e6d867a15a6b5d9fbe68bd70e45ffb2f19
ro|32|e7585ae7960e8af8214234dffa50b19139646d4ae4ce6a50e4a76a1c68c35fcc9e77a85679d0d2a4e85f83675cdd6b404a04b5aa7322820645dbe0f36c9a704d
ro|64|08d27eda5d32e908b83dc4074b6e569a1bf053aa460b5dfbbd9c31f4f7a9912351a2c30e1806ed3a3892148c21c0cde4bddcda325f2c15439bb1d910fd235965
ru|32|f90e6774126e32e8aafeb2fbfa195dba929c030d4c7a139d0415248ac5df3d6d16df2ddb6141f42b2d4d54c371da95a2f9438224322812f884df4edfaf60fb4b
ru|64|bfbcd74b567e67820e68bf2fb74ae7f74d4b0b0d6df394bb08a6a83424f816f3fce402a4605464e0ce48014dce7ae4b0fb6d228666e7f942e6e7a7ad97e7e88f
sat|32|20ddfdaf85cdaca110a818ae168a94e9522b04ca1881a286ff6b80311269565f30a77622dc1595ee2a484117ecead39ed343fd54d28c6f7099467601f55a5f01
sat|64|9a9383c28e5999878be7cb6fd8451025bde3e7f1567e3bfddddd15c666972783f69195b6b73ea8d3aad1922edfd049d9cfff21fafa240d2791f7ad10587aa40f
sc|32|c4c594c17ea01c6b471911afab956e64f49555967e7615ae907ab9b6225bc05e1ee4d783e508b3b02b92a826091366f20434ef1f78df0c34ee84b1113a2cf23b
sc|64|4385ea6b1df273e9c6f9399b5eca72b5c335819e5443054e5b47f0ca94d330c5d3392980b18c7494b4b0c4d948ef27cb0bf2b534649783f61a5fad54af7493f2
scn|32|e7243ee829cc3d0224db6a89a031e4bf12d008a5ba4f377145b69e18d6883d35231588ef449cca6d351bcbb0dfd58cebf1b018d4d315475176f2119951f23cf2
scn|64|c8423ad3c234c22efdad2dbf921d62e49a69acff08a9a4fc2c965ec928c7a43fe631f324613562e56e35385d26a822699195a2fdf6ca78f56ca4a206a384ea79
sco|32|6e264484b4909d02bf1af49a00a632e7bce1f6177a7cf7da77fbd432db7dd90c9b4e39ac16203c86ac3b86eaddefcd7f86dabee4b9077b089b9533da001acb98
sco|64|e1b47962da084931f9eb87193a81639aef00ef9e84e490cf44517ea8ff214027276ca39dea1a5f46c1c050d24b9cf69722a09d38e2975d0a1319ed1a28283b76
si|32|c40aef0d0e5723d751266fefc8c9b18a87135751700ade400094dc58ba382daf161c1a42fe0eb6276571129fff26179ae5caea80ef22449d9074fd75e1d21330
si|64|934c664e35b845ab8bae7d6cf48fb46f73c68cf45d4495477d78486bcb90d43a74eae70c9d438a725261667fe0b2ef7be26439c1b7b164ac1e099db26dcf7901
sk|32|2ddd98d351712ffe95e729fa869b47e7277f98b9d9f1eec38250b44335794a6a3e7ddd2c9ed9e69cec6f6519a9839589be4de4fcfc78cc9a19e883f38e7bd940
sk|64|e8437b7267a207c4ed77879c8f645e7554deceeb736251d3480533a689425b6f72461ab719e55b475a0cf64967955b8b315764a8197286691af02d63f6a25e08
skr|32|1f8a531b817b203870b4b311190d2656d13022f0d14e98798449c783da89a377d9c9511e346ba261455f9d801eef377534a97a099abe1904f8e744a664f64eba
skr|64|3ff552658d0e99435894cea2b6b72624ee3dd17c6de618474bfcb6655c609ddd683d6f0d57bd1de34ecfef2d274f396dd7935ba1d50e5a7e3eadae3092881627
sl|32|6f4ba63218471a1db2d39c99bbc2455c8db22ec72a1fe2790564812db762240bda2acc4e92cd00894e9290a25206c90ea9228a047f49bedec9b2c38e4178e839
sl|64|f7b4f2cab5e5e81deaba3f47682ea59f4cf02f5998469746cb504c6614ffb83ef9511663bf0fdd59abf98562c39a07216d891b8e7296bee026337275ead9e25d
son|32|061f5150316dff1b10303173c393b2cba85442fde8622f16d8ca3453fdba82eb434f9bd1eb8bf939abf5d5d34a15409ccdc8837aeed0de370308b21570d3bc6e
son|64|0790a3ef81a0a9d370e4e1ea34f49efa745daf9f48f7d0700631f79d00eb8b0c44b731d8532daa5287d1f9df5c65538d9929c882142e8791eec1cef60d995c6c
sq|32|ab16f0e0951d7504448f471d60f8e56315334534c84ad1a49b1d0fb298c30fea8bab7d1c2f36801cb4da011eae273cbccf99f71aa5f3523e79cdb108bbd5806d
sq|64|5b1d3cb1fa02cc784e290b13ba84a59f81e5541a1d9a89535140d81e5a8f1c0c45fa26b0e60b033002105c7d2fd58de9327e028af2d4ecbcba362d37a383074f
sr|32|f64edea69740634bc0fe6a135ca45fdcab2c21d19f06f5fca83590e4d8d15be3aa043f93e3bc890b480599e7846f788975c4690fc66f03159b3c875502c28734
sr|64|a0af7198882ad6362ff611777545447a970d9736b4ddad0eadda9dbd8f0398533db4f34d5a3450c32c7b6bcbfcf35c249d058da1578e470f7775b2a1f7c787c6
sv-SE|32|8c41b2552ff49da27e6dc50a03449ff207c6973bfa835d72dd5e4f206f30ef72971a3fc622872fe131ddcff7cb90c45f490da3727bd577387c0fb19025b39405
sv-SE|64|5449f20a8633c2043bc3a89874b96bb01017aea8877d42b7dfeba3a539ba2671ce504efe08c2caab73ef4bcebe5f0cd6e4fb0ee3b79c9b28c7f703d6341844bc
szl|32|906c04df82e490a3dd1932d958822b0b9b8b47c59ce14e2c7b90b625aa0b9ea5391969bcd7d3527ea57a1c5c3769ead8c823d5b9ae60f290c69064d694ce6416
szl|64|aa8dda254ca548ad16f988a646ea018c3853db947dc92761f06a06d4820ba09d694c03ca3c60d9acbd39509df3faa8233d95ea36c64a62e6aec3ab39ccbee89a
ta|32|cbf761d3091adb406d58c283d59db14c548a86b3afcabbd3de666e7dc9af2d7e935c2c2d2fab79da3c6ede4b3b4c9b2167c1c745448aaa29c6fec7e1af7fd97a
ta|64|608701e27f02dbb08316c18225d657ebd76fc7fd9e6bb36ee94828d120dfb68aaff3e42e21e6c93ea48ba9cf95b48ea932d9c747776d3c334bb2e7697d46c607
te|32|f0724f7a3c09aa591944e286c827992c7890862e6a9fc5861b55933dee2a0b088d7883d7cebd8114b6a88ae80056a6764fe9e625bff1d93ae1416bc51b0efd3f
te|64|cd639245fe94b3638460a652ffe4daf507a25357ac91a7b3306c8508da959e5b723ec06a6f44d95610dc85199ecb72c8eec2dc55407fcca4620c2adc6e7a7daa
tg|32|37efe26fbb530df272640a6abb745b60bd3f41d9c520e002b49522f6e64e9085e37b4e3bcf8626624b87368b723ca42a74a524c2bad19a9be4e9074231a2c56a
tg|64|8c191155fd449d60fe1ee8663726469cfe9dbb61104fc1ebcc27fdcc6780a8e6ce125c42470b6daf778532865ef688d071442047674cbb398ab767b2f62e3542
th|32|da2e1aa140bddded8d8952ad53a89112d50152f4b0c01a488737da2efdbba19e018ae4bfcfab2485eddbaa43734e3bcad6da28b05ab0fab8043360ce4ab832c7
th|64|a58d4191586f55de0f279cd477cf64fe21fab4967bef30d5e0182aac73998f3b205c3f93f7898d6cb7f37b69a5f2cfc1bbf4f4be26326f6e69ae8ad31e0e7698
tl|32|c7462db138c712fb7a191f6bd10ef8789806c7bab0a86b34e5a1666525edf51078c934407b5ff7a6a435c60fb3ada95b4f541fc56603aa45bfbeb47b453abf77
tl|64|fa0b342765d327ca75068dc312e84fa48f26366a5d7611bb3282420b5c2560a879762344f1fba545de47f9ce92ebc5541f5eb058047f0a325f81197c2061d332
tr|32|0eaea35d0d12765e98503e203814816df528c25fed264e9db7101109ee5193728fbb542b8d4f09cf79299dbdb8df275d944e3608152279144b7489816a512614
tr|64|78beff02a3d5b8f19ae609dfa58ef565e5c98bf3c9172ff1e4e6ed8aee0ad47866e518e3058f2375404779ce43a4a4e5cddc47b01aa227ee08424626ad273790
trs|32|a869ebb84afb9d2585765f01d2cc8f58d5fe9322a71ca70f713e1dd90ab9cc871cfb04917f4339b538f87be78e25860f632f5dd88affc05c7768bd095e3754c9
trs|64|dded0e482c84e2c6cb254c07aa03096a25b3598b200ff5ab9e5548b577c03ab32ce1ea701ce6012b9e5662c25772de2d90bd2f3d0a5b53b3ccd6047f7876c1e2
uk|32|511de3c5cf613ff2c28a2b2b371df045b274f2497695c9ce26a080c778473137d24eced079c9f0c3f739a7306a62cdb5ceb043575e96b631096eb8649ad4c121
uk|64|2de6c97878b8f79e50ef13032fc38070b1735df4017fe7dcecebb780e4c05d6034afabf563b5345e497d238f4b3a0df665457fa0609ef53892d991ced43fe089
ur|32|a7f898a8c97143efe75c4fa62a1deaf871ff1b70084927b8eb4345b83e952fb2c86554f613cabf5e5e1e708224dc49afcdf378ae9d7103e3799bd8ba08d6c2e3
ur|64|b3e79fb9ec265bb9f87fe47b68b4e92f7e520d412973d07cb78de7faaed391bc2cfb4bb7a1e9857bae6557e767c83f5863b38919a59fafbc10696447484e0146
uz|32|bf2c52ac302dcd969c1a99d1eec502c5961a0bd697be771549d6c43b2cecfc6b98e8af1f4de58354115e1323dac45f4fc8b517bfd4e0deb2365d730879f9b2a6
uz|64|cdef2fae929e74ee0babd5a2985eb290bfc8bbfd56124a1d7660bd518bada9a4ca81e6bfd6ee989fefe19acec5b1ddffad757c6f99d4694dc533ca6c6c9aeec7
vi|32|6710d403571ff7261592a4e027be82daf333f0879fe0071297021aeee3fa9d2b181e56f790ec4243a1549662c5bcddd82f12cd2228ea18cff4da32abc70a5ddb
vi|64|84f3ed1f06b145f9f8a74635066bd50969c283e2bbcf13516ab969041196daf11b8269e35ce085b6e146e0e8a2d5407b2cbf01627d2aa9b452666913454f6e17
wo|32|45fd800a3ff3aa5650af4a61517e5fada9b0e9e481fd700250b06bbe240cdfc01b1dbb067bbb46c5a7161c7f1aa576a8d1456c79ed1a7b1c7102f8c057689b18
wo|64|736db694f5ddab976d02bf321bf59453d1c6d27095486d9e2c513fd1ffdb3e7513f2a56d97ca70a5a222c666c3f1086980b4dece77b9f4061603f3614be5cf54
xh|32|ba4c82b139eb673f27c8c4063126ae9cad735a01cfb064458afad8e81139de8cf217caeb7ece4bbdd0768f169fc32e4a73c82139cd4aef6368f604d7b76fb3ad
xh|64|fd6e4515d8b6d9405ca6a4fa39187f95b96c26c9998ab0a1f275409c13701d2bdadf4934ba2a5d5927f1f656b2dfce793c6436dc6069d2ab4775e2c15bd354ca
zh-CN|32|97caa394103b7e65a8ade6798e145d7dbfb6c79db7bbc93b332c81350fc6c6a74960ff23c2f0a8045e4442f3fa716f7471720926e0f81faefed97cb206c1bbef
zh-CN|64|dc036c9c45196b169b58854881a8d1575b9568c726e224352d558c8fad93eedc9ce8ce9ddf2c120caaa1627967801c0c43188bf83906ac535ad587d659112fb2
zh-TW|32|c31b33870ed55870af07689901f30a5acfad58c9fc7588959d35a3b2216125147bf2ae5de07149e40c18b63e8dc25ab0ad8e208b878b3e93611eb189ed441f3c
zh-TW|64|7b06772f3af82b8841bc00b3f15685a6bcd302175d38925cc220f70a38376260fe545ba279852ec09ad736f7dd226cb31d5f08d22f3aef92d779f9c16bd5eeb6

