ach|32|f602d9eeda10595962aebab6b7ddd8f53a992eb9a6ea2e44f9ca2b8f9911194459820469f6f3a0dce6e86945df5f30835a1fa0eab1d6d7e024f80575a1b953f6
af|32|196229e7c703bb0c95def53c38069eba7fd05e4aeb01a752128bdbd2a9916e7066a6ff95d06469679ddfc8c006fc8dcb54c1136fa2e71ac70072410c9eff300b
an|32|06d626db0ebf1d838a551e4e815b3350765aade38b64b8cbc41a6d758b8482c768894d55b77510a7a81a236b61588f9038c9d83d5c6b0b6e3c56983847e38e7f
ar|32|60998f034d5fcfea0e63ad5235183be6520f62d0c98124f173848998173bb0a243815cff9338de28465ba0e0aee46efe2840f63268b52b9919abd845ab254716
ast|32|f8acb37b5e408240022efe240a083358fe9f5df14a74f2c2afac1278c531eed679c9241759823addbc396e9a74c0aa721aba20579bff5e34c786b12bd67f56bc
az|32|7b552e4818e922ec73c6f4f65b663fa98543657754ad4ce6a3f8a2f8927226cdd77a331d0c92ef572035cb60445102fbfa6ff38685a7788ce1fc6a2bf063cda2
be|32|97d381ea2295433ac4e9ed92f2044e5ce882f9bcdf16e3790d356162fbf28c64f735bc6bc9c737d2f06318fbdd1201bd1399ed13147432a76464d91119e2e78e
bg|32|711ccc33aad54d956f21743d980a2453597cb8212c8a2d98ae5fb5ccfc3193b21a70ca46d4eaab1b4c1da483f357521a500372b2547201a6f9fb4bf3ef0fbe89
bn|32|a38932cdf518023a5e0a9a9c44fb3c93231a19aaf9309067aa39973d6b5974023a3569ad4d5281a8fb866dbc935f01ca79086e6e87025c8b54e1c29c04bd9ff3
br|32|6adb8d9535b3f2e54ad01a4d65a5d0f5eb1201c3267b8cf637f9842b9e605e71fb628a35ae09d9907eb8aa0c96068b11c35ab5f447381cafbc7425ae9ae72f22
bs|32|6c9301201f6d47594c67395c3ce46a6e3a0b48d0491833b27942ad8504ef06ad9a000834c1cadb3c7187809594d889146795627bfff454840e5242a7c3d3211d
ca-valencia|32|15e1f8e969a3489c0654b584d47e633a7573b81f9664fa6006d9a8747803290a5df6bceeb79224a9491381d7e8066a7e04f97a740bac63af88e15a2cbb6da4ca
ca|32|5e16846b66c8d240ed6aa36b9f633b201abdcbd90c51caca5c1aee52f2eaf70c2ea6879c0353f130417e892a64e20c9d239af0f2fc7bae77fd859f764c8587eb
cak|32|02057bc1e6b0eb8a6dc63ca771103395e5a322774ece315aacb3d9e1f3214a02fb7684a530f8f243f7827e7e98d7365c59bd7344c40f33252664d8f94932f9bd
cs|32|1637c3ac9a1ba74179dd5cf84ba205ed6d9dc132c22359df42a3a59e4a5ebf0e7d24be3efcf50cbeef1355053b5a52401427b78c305f4edfd65b3035b3bec174
cy|32|406f5d6d89b836ec3c028c13df2bd3f6dc1570ae7554d3408a0a10c5d7a52b3074750775bd7435fdb7caebfa31e9581453ea8fe4a8ba79e93421381998f9ba34
da|32|c54ab0beba625fff76a29f975d9d89d40bc7ff31574dceb53757e952eb4617f726365e2624cf69b6158a2cd38e0471e72fbd3179411475c1b73fdead0a005962
de|32|9467862c1cd96e25cc4b993e94862f27f1564383c73dbd67ddfbd5ac7cf95a340d986eb8f5733ec10bafd72bfb702b4f77aefa284b7aab77bdc59b16dbb970c1
dsb|32|6e95224387f68edea78a92f958dd1734e93722c272c4e945f0c984372205e03a46a90f9a03ef289766670ead7195f4b78ae584eec3fe4905eeaecc0bc2d5424b
el|32|deef20150a1dbe817a94032082fdf223764714ee4cd1fd3db873836c03a9f9361c39b921c0a38817825077cca7de360766077e918f732cfe4a47fa3d79c8fb93
en-CA|32|065648b8d5cc642e85414638279b63861cd17325c949a2a11b358418d8729217570c816d952d7f0b4bc9322d7f59a9d5fe5dd14fba96ba86b5c08d8da61af2c9
en-GB|32|31a549b42d44a85acdd1f2bfa7537bbba604cec2093e6bddcbd7b65025fd2154c2fbdc12bb6e71e08ef4e8b977d20448eb55487e216e1aa20ea0020ef59a56cc
en-US|32|b158df6f64d810394fab9812cddc225302113dddbda6f8e2e8cffa3ddfad22dd1e20cebfdb70645a247bb4716db9d4913a4375c6f5c0612f14074e00aaadf993
eo|32|017dc2e71b7e54750f167fabf73717082a1493b867acf32831d9887ea7b2213e5f1642d84da3a57b70d2d28e17a8cc9c340dca59123d04b76ec16c4f2d9d8bcb
es-AR|32|ff885f6b2c0da961e4791c92ea7faaa2df147527a489ecc4018e214be127847ecb43aa655f9c64c9b3a91035171b5ae5fa2331d7334b76fd2fddcb017863c8fc
es-CL|32|915e35e865e36586c5561d5bd4859f1d2bb66521ecdcebef32340709700be36edd7821a6a68ad27c2843d1377266d4ebf743cdaa40c77ce740162a78a38747be
es-ES|32|7997d72588ebff3b5f87409174e7ce3d8ef755fb973f0c6b4479a1401b9c8e7e05b30762e1f6d9e8a70af71a538d6fe177c0e3851745013bbe562f18f44e8555
es-MX|32|3025f5035b70ef160b1e1ce88dfdd195367956cff4be6a5177b9004ef5fd65b618dddfa56c6ff95743a9e943b45b3890a3a144705228bd0a9e7c2a6d80e506b8
et|32|5eee2c7bcf5d656b71cfe50a63abd8e97951bf57cf81d788382836ab9798b0297aeaf9979c66e1e4a883dda5a60aa1576fe71436dc1cf0aed5ecf08fa373596d
eu|32|a949648f03912299c02a2b930fc9ad0bdb2f475546fe16cff423178fe3a026ffccfa94dbdb53f80c56fe9d3e65e8a7c75bf36cd851dbfb9b6362bd8bf9069aca
fa|32|f405b0d4230869271d641adaa3642bcc485c0047511b05077a109cf9a0c843d21795628c43f21080bcfd667ab590d651d51d272ef851f3fbc573ca57f00000da
ff|32|ef7fb424c21cc5e01d8332799afe39e3581a3a283a8cf41b5ae2b291c519ca15e3fb34f7e4a94bbf7f9f9275ed88d25c8886b367a4df782ab8a292c1c0245fab
fi|32|f69d3dee4180f0b7d94dff284586cc85d0506d5c0df06740ccf1b7c54d79d7bf1d7a733b4a303f9b8a2b35d54cdc2faae137045cdd1a0fe8f6f347b1e53c0b70
fr|32|c2ef0571e448a268b5d57d57da8c8603a6c391ace6b07b3c112abfedeb90ab85faaba98ee159069eb0c31e08382c460cfc912031651e8268f5a23574b1f8b9be
fur|32|19e109463f9244a5932a50cf2101cb2be2874c23245b7294833e8b81e888412c37fda9b839c22ba2e82adc066af1fba8b30554705d78cc6ab2af34048f3330f2
fy-NL|32|8a1da37514982a07523f628bf8466617ef08334719a7c215f2062e6ffadb45a63594b5ba3485eda6f9cd962b6a80a3b2998f437b67f998c1639572039c38dd5a
ga-IE|32|5fe346097e0bdb45b00d44defd89418d535f3bf6c202109024ff54c045758bb6e72fd1287831f4df512fd50357fd51f88930ea3c5be4be25617f2362772ecfc7
gd|32|bb2532ce007569daa91775ede3a984ed95626869c4f9be4f50ee6e0a16bf52ec126d43a2aac7f30da2ea17e08b2c4ea7d9d909de9a06c0f1faf9891b54f54349
gl|32|ccd00c6587b88e21b249fed06b8225b024b3759adc8262a09e6c6adabd5d70bc7f1180a1d6692ac9e94146db04674d636daac49383efd74a6e51561f87bd25a6
gn|32|fa4606c0286a37ee20be687be89b518fde314bd66626d24e7585445b1ae314e5bea187e3ef9b5a79179c35646cbe8e0c2936c743b2e4115470cde4df7f5a13a3
gu-IN|32|a6b05fa91590e13944faeed47c2c1bb777e25f619e035d7dc41ec4b6900d10b5e07aa19ec53794d33fb92f1dabfcda8f9c8406332cc352c0ecd70b61129966b1
he|32|74e8defa154e26b55fadb5470853a960bf60617709a4078643b1481c339867c329088228df1bf1a82f013ecae223a0c9cd821d0b72264b6ce672a78e63074e7a
hi-IN|32|f9c485017b0dfc968ad23a3b0a5d3cd320dfff3d9497f26dd8749d2ad7376aebde7b430cbb489a14fcd83100cf87fdacd98a3a142499e28553177159934dd923
hr|32|8e4b5f77f6539501ba6a97e10f14359394591297d25f9a884a2b036219698d2726a772221e673b6d54ce631d93c57d218b8e272c5317d8de3c5450c269855686
hsb|32|6e8fb84da0f9b84ce87656aa8f8b65735bd3fa8e136db6609e9816ee2dfbdfcd6fb35cc4f9b36a303b0ecb1faeb544368e7b0ca91d90a9a97741bebb74034c98
hu|32|5354b9c7387f892a3ec2750477532c7d5d47602be1775eda83cf9d29938ada6ffe0c510687c6d32e37f8842c0bd16900007978826b3983dbb980a0782995c91d
hy-AM|32|863939fcb79e2acf6328292aafe0209a8608a744f5846634a3e845216e4b7c4567b42af52ebf20069672d9bbb71831c016c31f8689dac60d6700f8a403c7fa97
ia|32|dd5f9dff159d4308a7c9b41431164053fc87a8bd760f060e0a5dca84dda4d70fdb7c407dc43369c88f63877e95445fa7e512a7330332ce467107ea429415e955
id|32|d9dad4f497611e41ceff06d4e358109a6b1d46f8534a0b208caa59509fdbd27ff13a1989819e0f030b6ae25db89fbf1c035d5343ec384563ff99a3e7f4ee22a6
is|32|a2ecb6af3d51c4d4bc230366305b22ce228ae2574b4bf8b9e9a3f2c4229abeb6fffd4c096d38e5dcdf5f13ba4434c770a31f00dd7377d3f2af9137b2e2ff3bfa
it|32|2d598af85f83d06e3559a60882a39874b0b6d2eda85071b12ebeaac58b2ef8e263ee491c13546e307128d1589b30602ddc7e720593879dc4fc2520c01e58a268
ja|32|f4b4803dab21d05bf7f293ddd00f9921e78ff061c16943b445cc10663f068d0f91b0e034ff635126550cf454c4ff337b96809db048d6e1c007bcc55c5b027df9
ka|32|ae489eb31bcc2fffb89a20899e7df92fc7da7d2f3d2e74755ae446f973a8113d53c73f86c44bede4ddeca2ae52d9b1d01c75401e338836f1659a08000de652bc
kab|32|a5b0061a18800101731290b77438ef23c5d33a426934826b86bc6c005ca9baff79fa28d8b4c6b5231ef950496719fe192f7286033daf34bec476cf035a1ddbdc
kk|32|1d6230cd3f4cd64a283afe8c17aeba8b2e2dcd61d7be607902056509ae92ca42e460152e658cd9d7624124c81c024de137443dd6055302204167a526a4b2405c
km|32|177139369fca0ddc7182878b076eba2e5cf4faf007ceb0afe2dd58ddf7f2e1b8f6b990797deff32509853959fddd75aa198e3ad0fa009c8aef496aae160406a5
kn|32|1a4bd32fc521b5b75fb01aa8457879d9105be5c00aef72772b7105b967520083f559ff332a0f1da5e486ee3bfa896a92c5ccb74764313ef7bcdee29d83d95714
ko|32|f97eece3bc69b47972583568d1b7048ab52105dda276641344ed8d311e5417c5cd24cb7482f12d9be0c5789e7e06b4b0654662673f3054c992f724d2c15961ae
lij|32|eb8f67927158441d5bdecaa9e888a77d5d7b646257a822b32aabf8ea6d1291e96fe58d3e15518c32529484807630df0e6f99e75a124d11e2a4753d00b633e019
lt|32|36b2c07efc22b323e4ed0bd1956ec238aa175785b8a31029f1b30dee9d704e900e0f271e6d488ea73f2d96da010670d138d81026e79f4377d9071a3fdfbcdfc6
lv|32|30377fd070a34036b9dd6318c816398fe5f7dfa1f558e90890fd855d0f34dc111dce2d21d79df30a7a3ed71fb1e89cf4e0a3eb355a4b76bc7a0aba9b825cd627
mk|32|f071699d81f3edd23fc1c22280ef5bc7687f0de2b56e88878a01797b6a0fa3766f1d8574088b1a1b35659d97ad0c4eebd4d90f5b05a2a0c22500e22ac9565890
mr|32|6db21e93e26dc78d6869def3e3c859f087f40f756c5f74c7f8def30f2ebd3039e85447aa8a4aebcb71df65d22e3807d577a0ff76cfbe9835f9f1c3f2b43239b3
ms|32|a4af804cf8cfbf6ceb919d0d0a032e3507523fc211bf2015b8520f3603deb519a3dca2fc0dee92fe5b0b8264278cf3cc1167da44b8712af7d282011e8211b21e
my|32|6bde05af5f4e49b2f71e728a493dde4c514ac7ca2e85acadac9d1efc0ef75732074db457216ffc406728c681337d6f83e25666e8612b2e48cba0aaf14bc5d7e0
nb-NO|32|c2a7ddcdee988fe0e1d99cd421c1192126c6594a31faaaa92b71e39801fdef8f766ab09ca26a41def91f4ee6859996caf8f865e6c78016f0e9c31c95d9d2e39e
ne-NP|32|444fb780232dbccf439e13d70f8f23602a8faba335c8645cb5b589fd46930eae4cefc75697ceca6534027e1b53b7afd59574f380710f7b4dbac5a9d469d10024
nl|32|bc8f3a162cfa720e22379abc852f0cab4b7c554081f25d767157f901bd3e281c4018d56352fcb01e34733d1d7de1d762a2ec5af8437da3414412da1fd184a9c3
nn-NO|32|ff8375c646a2288c2ea896f50051ab819b280ab1d018d97d9659b020e7e9afcedcdd31de1552b7a39dfb78bb556a9e24984e7081493ff4fe5680747bde7dd91b
oc|32|35b6f2f474a57a497057fbb9751a6c6361bb8c4fc05f77bcbc94716b27904843fe46ea452bdb39053d0ef1611d3eb7fb77e245a934b7b61521db87faa1c79cbd
pa-IN|32|0790a1e8a6b2b57829eb1b382dbf78fb6a90af28fe0c57d28b3329fa17b45dc3ab229d26f3ac8ad8610b990e4448c3fb86284d0bfd87684003ce5286de65dd5f
pl|32|41f546415b434ec69e35ac62e8dc093f6693f2309b259e90138b8dadd94783be07e2eef99d0cd5a102ad10f27489fa7142e4c99b5e26837abca46d86eedc0a07
pt-BR|32|fd15ca8f43969ab228592259bf428520ac30ddf1630ff297a4656e75feb69d34e240faf40e692209f2164e83a65ebda8e1afc819d594a9fdc47c9e072c4a9e18
pt-PT|32|5d9a1d3b20100619f7d60f23a3d34dc3ee6d85149913c063f35c4373ed32511baa8ae99162d911212ef811e713eb35641cee2ec9e4e8c51ef696d982c3f39260
rm|32|9125301100cefcbda7c8822ad26495151832df9065a13d6e786cc84ce541b5ad514a20e00187a11bc2a11120dd32272f8c93783a7a67e8713fb31f9511fb9fda
ro|32|56402907c6db100e41445c7c63ecd638c0865e48bcf0b03f0c9606573486b3da268ee1d74fd94f780847a28706cbd104510b3bfa1cb3472aff3c53545c446662
ru|32|2a00d5968fb9d81161e9e02d657cc97829e036f5f98bab35b46b797b15e3ca1bcd14d050a8767576df2b92856c325177bde6bf99112a474ce238e6e81e8e3e4f
sat|32|e02a90ae90bc876ecc8c5c32e69d8aa3b1f06723d880908fa72a7aa2a8d18d87faad2bf6b22d5efaadf39f80dc63826ad476cf7a606966ba009e3ac8acf6c7e1
sc|32|b011a6f75eaae6968b94827749d42dfc2e890e612369585bf6ce0ba3023626c3758217271edea3bdb6c09be0daba1d5f2b8919cfbcf6c2aa17db27b24238bfd8
sco|32|045e2378709879787e1a68f7ff6635d7ef92244375d317dfb78e80cace67c848e008d357125dc8fa484183460d7f3c01b6d8519c5f07bb8ab78f4ca8587d5e83
si|32|1f6dc93c1edc8081593b453250cf1569d389c4bf0c2e29b492f67f8b3a13b36ec8c19ac5f6452aa12a6cbd6d06e606ea3fd6d6bdf1b67c6734bf3b812b259b94
sk|32|403181ad916e2e86b2119ce39e16dbb4f60534ae5e6062ec03d78893ce33741231ff3d414eef29503d20c0b2f4fe3cb3e14d61bc12ba1f26ab284f4fd9ab14d2
skr|32|43e48e03ff8c46d76ee49e2c4f5c9af8251fdba48ef3caa81528cdb1f3ddb9c4abed39fcfbd71efd3ba144f034c5cb00bc428fe8dbe17bcd31b1e8640245f5f8
sl|32|04f70f928bea50ce1736d67003caf87029a3d95d4305e93629982f07d4c4e2d968eb45ab68ecc1aa628f2be55edf7f463d571e40b869b686e8a1010d558f5da8
son|32|1d72d4b408b92826369cd7129c1628fd653bd3743c09c09a21ee7e0d836d201e8fac033a972c190eb9cf93b4de6e88a28a8735dfaaa3f4ba3a497ded6f1296d9
sq|32|e16cb67eac7e9fb78096e5811a56800e2a7158a0ddd6e9b7631b0dc3b1bc6d8fab3924c40a93e39e4e952631673c25d904598de727fcc21d02ffc78c1d5bf9f4
sr|32|35f3fb6e662af6e18c99439a7337970b516e2679db9375862e52286f39ff4912f7e40f0ea41643affea7decdf8b0744006d2242cc15a2fcb66762af0ede10238
sv-SE|32|c2fbba2655c95d9fd106af6360cdd47cdafa0c00702462be82e4075ac53e0fb73cb24eb1dc1e35f4b00c3614684a0882a2105db9a9b7a602a1fd8e2d7c3f770a
szl|32|1477d07ee0ed1a5331f373009abaff88457cce66c7f1c5988eb664166d497b5aa06ad07af81feb4832ce179bade3e5d40a17d3295f0be80eefe67ccfc1ad9067
ta|32|eee3972b4912ca21be0d49e206ffeb49b91c1ce5a2eb57ad0ac79613f2c6d088ee94d8fc11a81ec03f1a385e67ae63f2475d70206c27554a486f953c8b74ac19
te|32|e8ddeeb1955a5c92da9fb3bd1e798b77a10e6d38543b4f4e538c821700f9ef7402e3fd07920c050f84471090a74ffd82f8b9336ec48f28fb13501a0102eeae29
tg|32|8d2e96b7df16e0320e2e3580854d802a07adcb05fd6122cf638ad5ffbf911d0cbbfedb03baca125942a023d03b4a34c70c342eff923d9a453c6921c9cfe43c1a
th|32|cb69aad4a928f946a3927b89a7ecb4cb6258d4ab8881a587ffaa1410abc0fd33a7a6b1dde03bb426474b1f851f61a6129f1a65e9ee4740549bbd65da71339da5
tl|32|97383a6f2e10c2342a98d0054a89c16c0eab6cdb82b53cf7e7c5b00535fbe0d06139b582c89d22390d5ad88c9e50297397f37c092c5e9a0921a4d7d02ad38d5f
tr|32|433e6312309235a624fe1c3c5707e3dc992fef238f1b5c58573d149fa9346a41ffbe93c790769725c79bc6eba7a5f0434e3814e998345050c92f1e6adabdd9fa
trs|32|5de39254c15dde97f671a6cb583b0d092a5d3b6f6611bac589f2a957352319643e07455c91b4dd4f8c83599fc204120576a01ef4d5cf5ee489b759ee6c279a77
uk|32|163db82e67f05eec582567ec35fda06876c8b91714a7d29a452ac2d1cbcd0f0320ab780088feaeac5b5e839840186a7be883dc5ffa9fff1ad8c2fb10b1e8dfe1
ur|32|f1685854487047b60af31e4b198215777eff91b4f15647283cc39f01a9aa5a63ca18948a64e55365fb6b350ca23047f8d65362f69909b04ce6d0f539b1b9c6ac
uz|32|1ae2610b54ce32781baf52e3bc3e6b079d94a89420171e04ebd4ab97259a3ee8908516cb24e318a51147237edfa8b0bfe7fd4c2e91b958b625616c4037227dc1
vi|32|da7489c4f3fcf37dd288d83deb07f1fa3d3d6aa9611bb94153f488581c6e4190e525b293a27cb03b132243f2a7744f591f9ea5f19bc0377206f55b8eeb4cb0ea
xh|32|7ff75c200d75824e2aeab20e720840430f9fe8b25b69f495390f3c642700a6750c5988bff70b2bc01cd0cbf786c14778435be08e08e79306d5a6af612dc12143
zh-CN|32|a34739fcdd2904235993512270808bf505f436eed9c9a1d9c0a9634ac9c6aab6a2a48b4e9b604f056507a3d57e17cf8e09a66b1e0469168478b01b3d5a0612f6
zh-TW|32|f31e6fa23f94545398e99ac1a5a577ea1c1d199b298c759f691f912a926ba09ce5f701dec623b732c3dbf6485f7089d5f58888aa60adb0881c4ef9c6b0fe4486
ach|64|955fe7f3c5bef9d0ab830151e9c6ffc2bcb6909513802f21d5d258df27f13fc79977edfd8eaaae6ddb1ec7bb253c2adc9fbd7e65b852873fdb1a1f22246a3784
af|64|92156e1de622dc715cd98589beda8931659e80d014a2fbf1b17b1924f3f1d62a59af0e6f22be8b284f96872a7344c98320bca3565d113a8326b20995348e0036
an|64|4bcf858b1f5bcf977e64a1ab3c713898dd8b01e9ffa21bfc37f5db05bb06a9177112e236ada8994d611f51e2d58917d69cd2d1d6c381a3402f6a8c6c3594e413
ar|64|49a4946fa6fa02061c52dc4be818116e3dedc608176924e2135f987f3672be760c8748c5029005156fdb653cc691493de161b11e8fbcadd181bee37ba22caf57
ast|64|30ad3f329824af57284ae50e7c865dc00b68c2ecc836874e2bf928fddcaa000396c06e049efd6ad7c78126aab6d24d63948adc9af8c0b10eab71c118f0da9f9d
az|64|3798bb8785fc556b896efce4384f3ae307e3ce2f6cd272e0240372a5a993992357bc9e901e457b0bc417946ffda0716bd2bff3f9203125da5a8dabe5007e8c9e
be|64|123b4eb28c5390cbe96862090b8e352b4211476d1c0b069846d0b531522325a3a7aaba75b1185cca417ec429650e701dfbe2d7c9f0e4e7280f81cff4f092d8f0
bg|64|9d8e69989e6e24d82d8a31423864482c70bc9eedd2baf331e93106aed2d82cea392af7dfb312d73f156bf841ba2cf768f567f34705169f9f00c773cd82cf1e44
bn|64|3b745b54832e8e7860fc33863393be774db7490aa72c415e38e7925abe7d0f94cc2c711dc62d7e4a940a42951991397bba3cba7adda134367b1a34bd2333c39a
br|64|909722adf7ea3d8e1570b8ee9de8cabc25257f392fd925e44e318026ab2604b76bf85ce5571f4ff1f35b84789ba1cc6cb1c0894712fe8a0b49533bc962e3c8d6
bs|64|54feeb43107ece1116b1bb6aff830863285ef0eff12c563009f6b629984b7b2779b409a671a6daea19004e318a4e11943c9797f5fc80cfee94c21cd1379bd5ae
ca-valencia|64|ca9e96d28d71ef3f6d4bf6b9cf202ef68b093d534f1cd478d03241b7934d0bb2f43e30d5aed6234d02eca9fdedbbcd6d4f2bf3ef204543cb5ca61da8ef576083
ca|64|0dabe547ab03da9167fced6ca58a276bb83bf70dcdb3eae95dd7bf9d5af6e0ab7c097259218fb2635c637a1b225dc10811b1cb75233d90872dc01dc8078cfe00
cak|64|68ba19a0541866ea549c6ef1967b4cb55edebe8e468a527be29cfc1e5c89da9e189f4ad0dcd81c1daa1e8db71b98669b7e801180b8fd5129f263584a0be53c37
cs|64|d6c81efc8c883e72c77f0be91dce276734e06a4c02e4f757ca0e0d9752808e64620d15e7610aa2f9536b28c2adda86ed45ee72d4fa936a2d3bab9de470d8d49f
cy|64|8de5502974a2ec15fc2ec7392aba9624ea11e34c91ca2d4fb1b5588eebcb1bcda1e2ab04f6056983aef9bc34709e2c5be833948c9a57786c3d6067ac2d70af61
da|64|acc4a440761549fede81895ef4b787c521227179dbb1298a0921d044ef68ccd1c0e17e2dce715478fb8071bd1671888a15a025f61153c21806ca83424612b78d
de|64|68273efba172e6ac6addb5e1c3c3abf072cc82fe24a86569ea6689f8d34b0581761b1e53f87b096066caa88dcc0773aa20646f1a236c11d96f732938e1ce3ee9
dsb|64|aa7accef48f78aa0d973509baf94c991765b5a6aa31475c43c5ab6151eadb1d453d85f2f7f5e1f9698c5b5c162a359a9e2e14c4002c7c76e701a8173fc4fc6d0
el|64|0d257417c1ba88aecf55a70344cc400dbf20042c0caeebc39eec97fec20eb85b16144b344dd381e19e8dc293161771cbba7e2fd953742903ea859e9fbde0cffb
en-CA|64|3e4289a99896000b689dcad91527b358b805988fd948d63acf8dfabc3f416e530314e8a832bc5b1a411c27ad0510dfb587b44ebed640363ce25a2c5582685557
en-GB|64|04e574f8c5ec118ed4990c5534c53526de4c14d3cdf7b1abf37484b44e9fec4d468fdebd7f3ba8f8200d3b9442f2403f32e171bd7b5e40a10e46bab09d2d0636
en-US|64|707a8da3379ec3899bffcd0ec4dd55f2b20c912446c09c8e0d9a0601a413769f3cfc998f234b823b35ad576d674ee7cf90e4a777d0d98b44d50f462aefea8dbb
eo|64|46e39cdd962ed4c48c469d92e07a0c50d1cd9965d9202aed99c1392d3475e718971660289dafc252cf24c0ed138ec52792e28dca169d50fb6f3fcc5ae4e8d29d
es-AR|64|2ec19565777134c25e7332ab1fabb4b3ceb91ea35a20c9fd6178e8a734d1deb6d216a801a8b6a30b61e0f3f8d76e9592a23a88b3d93379f3c7124c256b99e00a
es-CL|64|0cb4d512501961f4c74db4b7b0a2a4096cb5017737f00eb1be6be02d0b9e2f6178e502f79eda6ed4118e1a8e8eb00e81b20f4d5e394052410ac868d62f844839
es-ES|64|cb5885ae48045958c8ca9205d9eacd3a37df3a36e9184fb496d5743f6a0c94370fdc0e2f6555814dcae3790cd0b5f8d07a787b3bc371ef7dbe382a1fe1faefe1
es-MX|64|f5933b63f5d89565c4f6b097669e38dc2525709abc4809300559dddfc6e5d2c834395fc51362156e970d677a7716fa36347c4442ade49739daa251da7fc2a8dc
et|64|06cd0e7284408a67a5cbd0ed6e27e7e531e348cde4d3f193a9252f77108dcea8f0601a59528699d372354988622521c8cde349eda2fb1b708c778aa8c3cd74a8
eu|64|541ae1aaea934b60185d59c3c854dd99f1a08250f2a0e9098ae3c3162546df59243bc062e921e5d6764be916c74691710422527c829815bc608d35d34e1d595a
fa|64|fa34bd2e0edf23d66462c64b52e9681792d81b38e7a726eba715c47806a7c0b103469cb9c42727784904d00d6e2b4d670f2d48c338f3c1b1c1f2511bfd9246c4
ff|64|b85cd533a9a9c06a583a5ea0fe509bf2d99cef5c2028a7343e3108913c399e489b6451eb5a812ede6a0bde8e42ab8b3dd914cca74b87744004fdef6836dd8da2
fi|64|2fde3712c15ae2926326b55fc7a28c9c3fa1bd19544cc62485c2770714f8bb6387e67ce5fdf717f2277c87441a23554bb7b56e2e9b0710e501c541003182d07e
fr|64|b38de96fe18c580c93872259896214c8a2cc17b4fcbd016400a3a22717d9e28f21d312ff8a3607c00da4dc79666735aed7b89f8918b12b868227e7d2549257f0
fur|64|056fcac18d2536141039dab23bc2bb37cc19baaed6eec3cb0133657b76f3919bf673af3f11135cb865669b969edee6dea8883433bf2a5e9f2de010de7c6fc3dd
fy-NL|64|ce119ce0bbd56f7ebbb65a76bee52c00d2bac8865cb3b98b722bb3f5a6ab245544a39d740b54664fe0bf44563c55291d22acb9de413d4715208006b70edaee33
ga-IE|64|6f362611455c01b7e53f5034a6566c6be6c24980a5b31aa80cc0752b113a96e0310655f92d2d6f0e54c77f2ce46e0b2b8de9ef732db40a920378d4de916e2e9d
gd|64|2cee6581ce7e4bd481c525c4cc8a7c69f9dedefa53f7d5577d7a6e3cf8fa1dfdb5da5b9a91d92302d20a3555e61c061f312b050251f4c7f29a973317803375f1
gl|64|66e92f7bb6c9f7478441a28a5ef95d33e802bffe28f944b2971c8c82eaaabb18c8591bc06e15db110264237816ee33b8c0e740021a96e1681652188d05a9d0d6
gn|64|4a7b752a0774107b2993dfec290fdb3ca3031d1e83610e699e98684dd9c5ea375b70b31da59a99a281ff6c9830339309a0f40be1c74e712bfe6e7bc97d359acc
gu-IN|64|2b3ddeb7e78f99d9cf6b0ec049b40f3ec6bd85f811ec02913cd63aaaf2ec96548d173641bcaf01043c0cf5c2c73023ebb468ff04e681054824eb407173d3870d
he|64|fb93f6060a1df91fe0f88a8afac1b662908f9b09e510b333dbe8c578c6044b207ddabdb04aa1f26e07528d77d3ea6333a1ae4ee30d3e96626f9385c7d872e815
hi-IN|64|6253b2341a3782a44a188c96b7c4dfbba2d3573a30b400876652a8180754adf3a4dd79fa73a062df28d6c1555de59e6818ee6643db6516f6655b18e63b81aa1d
hr|64|619533912d5a47952097920212efe7a20bef8d22b96041000cb9bbc850cde61a3115fa40d8b85400ee1c88065fe21622ebfd2248b45717f96dca3877ff59272c
hsb|64|365eb6e7d788cf39d0509a3487c87be87700df2d28e6462cfb183cc69dcf9c26dfa1d4aadf6911b8edbcbbd8f84bd6b75450c6b0e2c3fa509682f6fc7874384c
hu|64|30015515fae98eebf403fff5572f31c4c581b4e6d97061c79069a57090beb561d7b3400f8636fbfec00099c17f678e4416cd69f3ef68022cf1abb396ac63d0e3
hy-AM|64|f0f1b59d2b7b878a2636cd0fb2296ad8bc8c88904f914aaac7b149fafa55a7de6d867a757ce78e25cba66375497cdfc02113ee6440fac972c3f669420f5fa747
ia|64|31d3099d66d71776192e4dc3dd9d2cf134f9776f9824b90d286bde0460fd0ae43ff342b92a2e1ef0f17b6d31a898ce2359c3626fd46a47873accf8e9a5e5dad2
id|64|0bf8c747af5c7474b6c148c508040cb7fee630ae19a7016afcade3377086af5f2a39d712525309c547f5a27e7369b33629ce5dc54bf022848e2174379a40d936
is|64|372f3b0154d8c5df2dd9320f57d8ccccb40a361bfeb4c2a899784e2208e5d227b20e15ba821a98bf13430c211683dbfcec05ba678ffb110e1c153928346ed3e7
it|64|1004b503837eb48ce5111a911b9d165c4ecd0468939cfcc5ec26f8e5fba2d9a3974c7a5b7e50d6b2e29f7159e3fb992e2554a6617b4946534a2d39d890e71d06
ja|64|bdab24c58a95836e251e9049234a12e5ae3dceb52b4fa35b0f00f8be260e18ecc161d77d7b590473f5782318e6ff364c3db6e03957c8b73e618e885b7995319d
ka|64|c28b9cd7df05a3884bea4f7800f665f923968971cf4c0fe83eed7ebd8845db00b5d7d24adf11bb4b7e00cc1dd175f03706f5e66e10fdd111836894107cb9101d
kab|64|2a31b270e97928fbd1585cc1028e151a3f702caedcab7847abc34b613eb3b01811ce0335a9407b2f2fe005430f36f442a205d0dbfde7db1a57cc035691f2f0f0
kk|64|6c460c7225d82b8f766a9e75c2d1bf0ef0362dec5a27771202fe4d2aa76b90a082b317628561a56379c17b8125f7c2855b2991d0f2bb8461cbdab110158e2479
km|64|dc3a102b96d4fc1c42a10ae0f176ff7b5ca31597a63f67e1818ea236face17977cf41c80062adbe80cfd837d4304c56e23034777c35abe684409e66c19ec3bda
kn|64|90faaee64b11ea924c2385055c68ae031eb5d626e69f0ac60dc19e10b5dabbfd8269706b2648408f98156cc4b5be769a17d0f59b96dff2dd863542e87b7932dd
ko|64|27a8a5dbd5c6f6aefdebe56a3ffbf1d9f21893218c1905b9afee54936da38dcd657d5b0d78bea23dae67cae492cef16a477d0a8f0153e29206cd389ad032c6f0
lij|64|f0ad0b902f5a20acd10d20cde2e35e3a921b15e48d81626ff07a9a4b09bc4ac2d5e52c36a53c2b27a84c9dcd3108f8067212e21e2feee88589bfd40e198bc1b3
lt|64|50abb35a1e9b8eae16c4cf4dcf7a844fbb1787224fbb13d935b0c9e1eb587df763b2a870d86b0eb8e620097270727f91308192511ef984294cbedd7a12a9e15d
lv|64|73bafe2e875dd82220402ba2026f4825060e398af1fa400f2378bac7da9d8d02c8fbc65f5fe3a472eda54291f3d835138c78bc474c93dd5831844614379886b7
mk|64|bd80f3232346d935f6e5dc6b2ac168e53b473d547f88bbfd72118b1fff61b6fd345ca88b87025cc833af014bf70f278377ef20361527e4edfc3de305ef6cfc17
mr|64|b78a1c19a9425887719c64f94c572a3cd081fcb47a69ec46b089c9b332d81881fd2520c28114c1bbea7eb73317c179939a5cf54ba40d81e82c891f12afdf6404
ms|64|ee975bef534ed1975615b05029c8b5d5d138d7b9849509b8372a804db3421627880f36cada6371f1868ab6fbc131a80e789c35813cfd5563a5d05a4bbbae6e20
my|64|bc55d5074c29386511753469e1fbd92395f019891c1e7e34980f75578bba453777e60aec65f4695dea98920d629db5ef0d1b62a55305ef8b65f44e549e582603
nb-NO|64|02e11ed786d7c6a1221cd25499308fae5c64218b4d9a6a6a1469cc517114200ff1b3c7b7eb31ae41e5d0c1c8d6fd69b54811f7b925abb6486502cf9aa963fabc
ne-NP|64|f8f8e1361d0959715d27ef94c6b5629da13ab0e19871b4eb852445eaee3df63e5de0e8c12f12420182b06eb0809a0a279aee46ba187111bd136aab1dc22f8f6f
nl|64|5fbba89b1458f43c282e8e6cd84dba23468db88951b83a0d0e10a86d74bf57ca96a4ff61b2228f1236c5090b4bd195ac0eee1fdacf23b5a3d5a93e86406b3163
nn-NO|64|0ac5b20f6e99b009d89ce449929df681f8a339a13f40bc5700c03dede1a23edd81dbe837fd75d43896e71115a5cbaecd4f731c328d7e72ae1cd45d8659e82b02
oc|64|759658857076a9e6a8ac91177d3250ab0c007ee047c8620fc44301241f69de6c624cb3c1a0a0a0eaf6c9dc11a1c451c79a6c0e93abd6ff16f943b965fe9d94b3
pa-IN|64|75c9377a602c6874a564cf9cc53ec94ef5630deab29bcef4b4da3f5742325160dc86b49ed14a7fd9564fd02f5b99f2f5ae4780702686a02aba42a43518bcf277
pl|64|dd96b0eeed3426b23b9a8184ec3c6c8ebacf8209c95a1ddf2c4b16946c9a8a295efcf0c11eaf17d5b88724f04f0221ce601f5b4a0fb22daebe80372cd2cbb5c0
pt-BR|64|b33845b8a4d3a7eeae3bd753edc98407836a74426af523455b28735cd9e9bfcee04f56e7223de8b5292b5de3e485285c5d5ee4ff868bbb4e8cfe779a48d23a36
pt-PT|64|bb3e72c7c44d244b14305e7af4199d16ac0952b500b7f2a74b12039b775119c8ce7072619fd9ed258c978d9255ed0876259a0449588c2a01770b0a053e6e7a80
rm|64|4afb8f3ae9a93133d1372c1926d753651f576f7357ff24ad564ca3b1e5044c9bc23390466bd0c6beb648490d9eba828e6c2f6c5dc6f0dc341757f5d34541e79a
ro|64|70fbdfc836bf289ae0b01a26ed9800a24de8ee6758b3c10f4ec0a4c1280de24dd301b2e7c79ad89ce4656239b43ed0563a855c9073373a98e53ef2da02622a09
ru|64|3316bf94eb873a867de19a58c503edc0c9d2ea8ca111aea30cd115878c7704ed0ec16d08b651ff617f3668e14f770cdbf98cb4cb5273480f874f76e7eea46e7d
sat|64|20d0e446f53d19ac4287a48cb69f16e60c02dd17e85a95ae1d11b21bcc8893a901db75d9abf49bc8c38578c7a413eaecd17b55fef161ff9e6be0a4b17a35b885
sc|64|d96f2a232458626d3cc55505ca41d91279e7554acaec8e0cda3986ed6363031567ab8b94fea44f7ea1ceec9090a6b0356fa09ce97a00ae20941d1302f1dcf070
sco|64|c8e9c3a19a899edf5f66e9299d621c8c078f114969c01cf017513ccfc7ebaa0f54eb7d60183f89411486cc00f8df497b874f4199eb6d586285b05ff7c41c4e20
si|64|ecca00fc58260979a13159ea50650fcb1898b867104e2e71b50f08bd45bd2161ee155b6d009c1e019e419e39785cb9fd8dad5f32a535fc6f76ba7f022be9ed0c
sk|64|d366e7b6effcef0cadc15231b0083cc2f2a87037d7c197a1b5dc94669cb0b00aa60aeb1dd69e343046aaf4a45e4e69b361bc9dd6e1f4b7a34fc60428770e0a71
skr|64|3f3362a07d3b350962a418b0e878a87cfefbd2e441231a6c8f84a9382e967a34b9280557af2c0d9ae8cca860b92163eb996b27bc164a64d4b96c561c3b86a36a
sl|64|7ed6114d9573aca957651a51372c5a8fba0332ca410cd3fe6b1bd008f9110dbbec8728e21caae07f3f68998e1e1a18f6137bc43ae00fd24b42b03401426dfb83
son|64|ea956c764764496090d3b718bec5833816a5109364eb065bd97f0c347c22b2d555681dc1c803a3ba51108fd2013fec0eade39cab1095055afb750cacb0b15f88
sq|64|bcd38458687a0dafad07ffb4ee68fe22dc92b6c8a726ffe414ddd03465bbe21271117b308aa8664a2d4a95a65ab56eedd832de507683584a9f7fed6159e805b8
sr|64|d8a3252079d19721030c785a1456c1a6d6cb1b30b15bf81dc3497044dcce9e40b3d0c79f7988b156c459d891b226eb80d1bd07073e6f148fd6c457b6e7033c7d
sv-SE|64|daa292b99a46121f83c4cd9ebea42d8c5f3653a8c0f5b1c794158f9b9283d31fc1380fff73e9bbf22e558d498747806c373b85364d1b296ca7cd2f76d5f437b6
szl|64|d233783501e8f670ba2a9c597b14540a7690c60934534fa1ae4d23f167dc344cb40c10f52a72d7f3a3d7158b555c0c2456cab2e86b0ac8ab8a0d99ff07424d62
ta|64|f42610e4ae6f4a96a31f326fb7d95726cab1ac44e2afc400b2c2d3dcfab366d7008e535ef0154ebebba300ca041d775f7bb891b7d5bbbf9e948a8c96d8481e43
te|64|83b793f3334bc54a6ae4cf3f414ac88bc551f48d0d81849b8b021e62649ebacd786530c6ca1e4f9650f5d7dc32b0d7fdc7645b3a6ebbd63c00f15a122ae422d7
tg|64|4a9ac32fc318e57517d78ee980213f30b19a2f4a95389d396a60fcc69a320f03be5f89038abd7be28f87a7b33f1024a7a69b99d9f0a2b86d771ce52f036c478e
th|64|57c7753f0ec764c889bbc9868163ff14974d94090e8f618f0a7317621d911a107005b7b560f1cced8f08297241e112f5e38defb92d2be5c52151868bcaac9972
tl|64|c3730293be031cf24583103f24aefb927500d052ab0bcc927c6f2c3cf08bbf7b0cb1bc4d80f64451ed47309c6ae772cdf6b5035726e187a25ead5ca08bff9e7b
tr|64|eb65cb91316dcdbf2dce0e0a18ef614241eddc8130c3147123e4fa8311ba77a70e2b485bdff5c04b04c53e661f2c985a56dea5ada115cbac4f539612d1e82997
trs|64|c0ef9ffc411cd0b287eb5ca88ffd7b3000e9f2d21d7c7fa8957c41270636ad856c859bcff5cdffaf699fe3c71956288f5ca2e7c7e81e04a04f5e8311be7ea5d3
uk|64|ad7d6a9c41074bbe58de5f506f2224b169008c15cc6d1d680dd5fc98917b8d05766a9fbcdf3748e05f579f5a1af1e5d7d1a9d19e5372961c9262ace44fbc086f
ur|64|790ce63090b9f8f29beaba704adeae9da2f17221c6a8defe4cbedfb7d6d1990989e934fbffae23c5d0956a374e1b3a30a944112466c80541b5f5029d3e396478
uz|64|282b57d3ce073fdb563ae35365230856e02bde798a07cb6be88ae6d94c3c30c5974bd93b5ca1d35574e7887b3681015a05ada2fc4f04a579451a580186e9ce0a
vi|64|69b3195446889d2c776bb78709f01f2a50bd9aba9e5ee5d27fe0b7d003f6f0546973125daa8d8e7df15aa860afc7ce452c8b144645a5ccce77712f32016fcc2c
xh|64|2081789446e2fbcbcaf5cc747210d4910812d870c767e9bad3a36af54dc0508dac926b4b517f80711c2dfbf9231a759dca0fc2606be0433a24f2ec7cb076b97e
zh-CN|64|e7252e5caa0832eb1a5efabfacea1cf33ad13484809f67d9cf7c56d0e0cc122a474585592089816cf366b14d5aa9f47e630b1cd81214e56ed8ffcabc352f0d4f
zh-TW|64|10dc57b88972f3507ebabf3aa7e5b7792337e08050478d06cec9b827ede85b40f72ed61215c2aaae9d21497588f4260a3a7ec03218bbfab76cd224a8d508480f
